fulfillmentLocationId,onHand,productId
color_warehouse_1,828,aaa111lsn67hugedwelling0originalmedium
color_warehouse_1,636,aaa111lsn67hugedwelling0originalsmall
color_warehouse_1,437,aaa111lsn67hugedwelling0originallarge
color_warehouse_1,587,aaa111lsn67hugedwelling0invmedium
color_warehouse_1,442,aaa111lsn67hugedwelling0invsmall
color_warehouse_1,361,aaa111lsn67hugedwelling0invlarge
color_warehouse_1,535,aaa111lsn67hugedwelling0wbmedium
color_warehouse_1,389,aaa111lsn67hugedwelling0wbsmall
color_warehouse_1,109,aaa111lsn67hugedwelling0wblarge
color_warehouse_1,708,aaa111lsn67hugedwelling0bwmedium
color_warehouse_1,550,aaa111lsn67hugedwelling0bwsmall
color_warehouse_1,904,aaa111lsn67hugedwelling0bwlarge
color_warehouse_1,384,aaa111dpj26heroicairplane1originalmedium
color_warehouse_1,610,aaa111dpj26heroicairplane1originalsmall
color_warehouse_1,956,aaa111dpj26heroicairplane1originallarge
color_warehouse_1,2,aaa111dpj26heroicairplane1invmedium
color_warehouse_1,317,aaa111dpj26heroicairplane1invsmall
color_warehouse_1,248,aaa111dpj26heroicairplane1invlarge
color_warehouse_1,736,aaa111dpj26heroicairplane1wbmedium
color_warehouse_1,778,aaa111dpj26heroicairplane1wbsmall
color_warehouse_1,496,aaa111dpj26heroicairplane1wblarge
color_warehouse_1,962,aaa111dpj26heroicairplane1bwmedium
color_warehouse_1,693,aaa111dpj26heroicairplane1bwsmall
color_warehouse_1,251,aaa111dpj26heroicairplane1bwlarge
color_warehouse_1,605,aaa111cpl29loftyevidence2originalmedium
color_warehouse_1,721,aaa111cpl29loftyevidence2originalsmall
color_warehouse_1,898,aaa111cpl29loftyevidence2originallarge
color_warehouse_1,112,aaa111cpl29loftyevidence2invmedium
color_warehouse_1,701,aaa111cpl29loftyevidence2invsmall
color_warehouse_1,623,aaa111cpl29loftyevidence2invlarge
color_warehouse_1,635,aaa111cpl29loftyevidence2wbmedium
color_warehouse_1,850,aaa111cpl29loftyevidence2wbsmall
color_warehouse_1,136,aaa111cpl29loftyevidence2wblarge
color_warehouse_1,885,aaa111cpl29loftyevidence2bwmedium
color_warehouse_1,122,aaa111cpl29loftyevidence2bwsmall
color_warehouse_1,745,aaa111cpl29loftyevidence2bwlarge
color_warehouse_1,397,aaa111fyw07herculeanmushroom3originalmedium
color_warehouse_1,974,aaa111fyw07herculeanmushroom3originalsmall
color_warehouse_1,241,aaa111fyw07herculeanmushroom3originallarge
color_warehouse_1,803,aaa111fyw07herculeanmushroom3invmedium
color_warehouse_1,484,aaa111fyw07herculeanmushroom3invsmall
color_warehouse_1,150,aaa111fyw07herculeanmushroom3invlarge
color_warehouse_1,248,aaa111fyw07herculeanmushroom3wbmedium
color_warehouse_1,188,aaa111fyw07herculeanmushroom3wbsmall
color_warehouse_1,719,aaa111fyw07herculeanmushroom3wblarge
color_warehouse_1,475,aaa111fyw07herculeanmushroom3bwmedium
color_warehouse_1,25,aaa111fyw07herculeanmushroom3bwsmall
color_warehouse_1,717,aaa111fyw07herculeanmushroom3bwlarge
color_warehouse_1,796,aaa111cfk64extraordinaryhooligan4originalmedium
color_warehouse_1,255,aaa111cfk64extraordinaryhooligan4originalsmall
color_warehouse_1,591,aaa111cfk64extraordinaryhooligan4originallarge
color_warehouse_1,588,aaa111cfk64extraordinaryhooligan4invmedium
color_warehouse_1,358,aaa111cfk64extraordinaryhooligan4invsmall
color_warehouse_1,631,aaa111cfk64extraordinaryhooligan4invlarge
color_warehouse_1,805,aaa111cfk64extraordinaryhooligan4wbmedium
color_warehouse_1,0,aaa111cfk64extraordinaryhooligan4wbsmall
color_warehouse_1,373,aaa111cfk64extraordinaryhooligan4wblarge
color_warehouse_1,809,aaa111cfk64extraordinaryhooligan4bwmedium
color_warehouse_1,126,aaa111cfk64extraordinaryhooligan4bwsmall
color_warehouse_1,919,aaa111cfk64extraordinaryhooligan4bwlarge
color_warehouse_1,174,aaa111nsn43homericdirector5originalmedium
color_warehouse_1,800,aaa111nsn43homericdirector5originalsmall
color_warehouse_1,999,aaa111nsn43homericdirector5originallarge
color_warehouse_1,187,aaa111nsn43homericdirector5invmedium
color_warehouse_1,140,aaa111nsn43homericdirector5invsmall
color_warehouse_1,393,aaa111nsn43homericdirector5invlarge
color_warehouse_1,747,aaa111nsn43homericdirector5wbmedium
color_warehouse_1,569,aaa111nsn43homericdirector5wbsmall
color_warehouse_1,124,aaa111nsn43homericdirector5wblarge
color_warehouse_1,575,aaa111nsn43homericdirector5bwmedium
color_warehouse_1,966,aaa111nsn43homericdirector5bwsmall
color_warehouse_1,240,aaa111nsn43homericdirector5bwlarge
color_warehouse_1,546,aaa111kjn79miltonianbathroom6originalmedium
color_warehouse_1,912,aaa111kjn79miltonianbathroom6originalsmall
color_warehouse_1,304,aaa111kjn79miltonianbathroom6originallarge
color_warehouse_1,620,aaa111kjn79miltonianbathroom6invmedium
color_warehouse_1,56,aaa111kjn79miltonianbathroom6invsmall
color_warehouse_1,685,aaa111kjn79miltonianbathroom6invlarge
color_warehouse_1,898,aaa111kjn79miltonianbathroom6wbmedium
color_warehouse_1,951,aaa111kjn79miltonianbathroom6wbsmall
color_warehouse_1,895,aaa111kjn79miltonianbathroom6wblarge
color_warehouse_1,403,aaa111kjn79miltonianbathroom6bwmedium
color_warehouse_1,784,aaa111kjn79miltonianbathroom6bwsmall
color_warehouse_1,525,aaa111kjn79miltonianbathroom6bwlarge
color_warehouse_1,550,aaa111ecb75loftybathroom7originalmedium
color_warehouse_1,241,aaa111ecb75loftybathroom7originalsmall
color_warehouse_1,175,aaa111ecb75loftybathroom7originallarge
color_warehouse_1,425,aaa111ecb75loftybathroom7invmedium
color_warehouse_1,649,aaa111ecb75loftybathroom7invsmall
color_warehouse_1,845,aaa111ecb75loftybathroom7invlarge
color_warehouse_1,260,aaa111ecb75loftybathroom7wbmedium
color_warehouse_1,853,aaa111ecb75loftybathroom7wbsmall
color_warehouse_1,627,aaa111ecb75loftybathroom7wblarge
color_warehouse_1,117,aaa111ecb75loftybathroom7bwmedium
color_warehouse_1,396,aaa111ecb75loftybathroom7bwsmall
color_warehouse_1,734,aaa111ecb75loftybathroom7bwlarge
color_warehouse_1,216,aaa111mgz39herculeannailgun8originalmedium
color_warehouse_1,52,aaa111mgz39herculeannailgun8originalsmall
color_warehouse_1,321,aaa111mgz39herculeannailgun8originallarge
color_warehouse_1,976,aaa111mgz39herculeannailgun8invmedium
color_warehouse_1,968,aaa111mgz39herculeannailgun8invsmall
color_warehouse_1,18,aaa111mgz39herculeannailgun8invlarge
color_warehouse_1,465,aaa111mgz39herculeannailgun8wbmedium
color_warehouse_1,457,aaa111mgz39herculeannailgun8wbsmall
color_warehouse_1,547,aaa111mgz39herculeannailgun8wblarge
color_warehouse_1,431,aaa111mgz39herculeannailgun8bwmedium
color_warehouse_1,260,aaa111mgz39herculeannailgun8bwsmall
color_warehouse_1,783,aaa111mgz39herculeannailgun8bwlarge
color_warehouse_1,917,aaa111owx96arduousrestroom9originalmedium
color_warehouse_1,385,aaa111owx96arduousrestroom9originalsmall
color_warehouse_1,677,aaa111owx96arduousrestroom9originallarge
color_warehouse_1,66,aaa111owx96arduousrestroom9invmedium
color_warehouse_1,75,aaa111owx96arduousrestroom9invsmall
color_warehouse_1,877,aaa111owx96arduousrestroom9invlarge
color_warehouse_1,449,aaa111owx96arduousrestroom9wbmedium
color_warehouse_1,595,aaa111owx96arduousrestroom9wbsmall
color_warehouse_1,509,aaa111owx96arduousrestroom9wblarge
color_warehouse_1,130,aaa111owx96arduousrestroom9bwmedium
color_warehouse_1,717,aaa111owx96arduousrestroom9bwsmall
color_warehouse_1,217,aaa111owx96arduousrestroom9bwlarge
color_warehouse_1,350,aaa111thf73grandpreacher10originalmedium
color_warehouse_1,510,aaa111thf73grandpreacher10originalsmall
color_warehouse_1,224,aaa111thf73grandpreacher10originallarge
color_warehouse_1,86,aaa111thf73grandpreacher10invmedium
color_warehouse_1,107,aaa111thf73grandpreacher10invsmall
color_warehouse_1,830,aaa111thf73grandpreacher10invlarge
color_warehouse_1,872,aaa111thf73grandpreacher10wbmedium
color_warehouse_1,618,aaa111thf73grandpreacher10wbsmall
color_warehouse_1,131,aaa111thf73grandpreacher10wblarge
color_warehouse_1,350,aaa111thf73grandpreacher10bwmedium
color_warehouse_1,863,aaa111thf73grandpreacher10bwsmall
color_warehouse_1,174,aaa111thf73grandpreacher10bwlarge
color_warehouse_1,116,aaa111bhp17miltoniandwelling11originalmedium
color_warehouse_1,208,aaa111bhp17miltoniandwelling11originalsmall
color_warehouse_1,950,aaa111bhp17miltoniandwelling11originallarge
color_warehouse_1,91,aaa111bhp17miltoniandwelling11invmedium
color_warehouse_1,204,aaa111bhp17miltoniandwelling11invsmall
color_warehouse_1,100,aaa111bhp17miltoniandwelling11invlarge
color_warehouse_1,234,aaa111bhp17miltoniandwelling11wbmedium
color_warehouse_1,287,aaa111bhp17miltoniandwelling11wbsmall
color_warehouse_1,736,aaa111bhp17miltoniandwelling11wblarge
color_warehouse_1,518,aaa111bhp17miltoniandwelling11bwmedium
color_warehouse_1,600,aaa111bhp17miltoniandwelling11bwsmall
color_warehouse_1,122,aaa111bhp17miltoniandwelling11bwlarge
color_warehouse_1,227,aaa111rfv01extravagantkeepsake12originalmedium
color_warehouse_1,772,aaa111rfv01extravagantkeepsake12originalsmall
color_warehouse_1,452,aaa111rfv01extravagantkeepsake12originallarge
color_warehouse_1,428,aaa111rfv01extravagantkeepsake12invmedium
color_warehouse_1,859,aaa111rfv01extravagantkeepsake12invsmall
color_warehouse_1,466,aaa111rfv01extravagantkeepsake12invlarge
color_warehouse_1,277,aaa111rfv01extravagantkeepsake12wbmedium
color_warehouse_1,359,aaa111rfv01extravagantkeepsake12wbsmall
color_warehouse_1,458,aaa111rfv01extravagantkeepsake12wblarge
color_warehouse_1,934,aaa111rfv01extravagantkeepsake12bwmedium
color_warehouse_1,512,aaa111rfv01extravagantkeepsake12bwsmall
color_warehouse_1,533,aaa111rfv01extravagantkeepsake12bwlarge
color_warehouse_1,655,aaa111fwh17extravagantevidence13originalmedium
color_warehouse_1,991,aaa111fwh17extravagantevidence13originalsmall
color_warehouse_1,724,aaa111fwh17extravagantevidence13originallarge
color_warehouse_1,629,aaa111fwh17extravagantevidence13invmedium
color_warehouse_1,696,aaa111fwh17extravagantevidence13invsmall
color_warehouse_1,756,aaa111fwh17extravagantevidence13invlarge
color_warehouse_1,300,aaa111fwh17extravagantevidence13wbmedium
color_warehouse_1,809,aaa111fwh17extravagantevidence13wbsmall
color_warehouse_1,976,aaa111fwh17extravagantevidence13wblarge
color_warehouse_1,739,aaa111fwh17extravagantevidence13bwmedium
color_warehouse_1,842,aaa111fwh17extravagantevidence13bwsmall
color_warehouse_1,765,aaa111fwh17extravagantevidence13bwlarge
color_warehouse_1,474,aaa111xgx25extraordinarymushroom14originalmedium
color_warehouse_1,749,aaa111xgx25extraordinarymushroom14originalsmall
color_warehouse_1,333,aaa111xgx25extraordinarymushroom14originallarge
color_warehouse_1,141,aaa111xgx25extraordinarymushroom14invmedium
color_warehouse_1,420,aaa111xgx25extraordinarymushroom14invsmall
color_warehouse_1,961,aaa111xgx25extraordinarymushroom14invlarge
color_warehouse_1,273,aaa111xgx25extraordinarymushroom14wbmedium
color_warehouse_1,581,aaa111xgx25extraordinarymushroom14wbsmall
color_warehouse_1,907,aaa111xgx25extraordinarymushroom14wblarge
color_warehouse_1,178,aaa111xgx25extraordinarymushroom14bwmedium
color_warehouse_1,303,aaa111xgx25extraordinarymushroom14bwsmall
color_warehouse_1,535,aaa111xgx25extraordinarymushroom14bwlarge
color_warehouse_1,910,aaa111nzm93vastcriminal15originalmedium
color_warehouse_1,579,aaa111nzm93vastcriminal15originalsmall
color_warehouse_1,336,aaa111nzm93vastcriminal15originallarge
color_warehouse_1,51,aaa111nzm93vastcriminal15invmedium
color_warehouse_1,76,aaa111nzm93vastcriminal15invsmall
color_warehouse_1,770,aaa111nzm93vastcriminal15invlarge
color_warehouse_1,905,aaa111nzm93vastcriminal15wbmedium
color_warehouse_1,145,aaa111nzm93vastcriminal15wbsmall
color_warehouse_1,860,aaa111nzm93vastcriminal15wblarge
color_warehouse_1,598,aaa111nzm93vastcriminal15bwmedium
color_warehouse_1,251,aaa111nzm93vastcriminal15bwsmall
color_warehouse_1,347,aaa111nzm93vastcriminal15bwlarge
color_warehouse_1,123,aaa111kxf58ambitiousbirthday16originalmedium
color_warehouse_1,232,aaa111kxf58ambitiousbirthday16originalsmall
color_warehouse_1,302,aaa111kxf58ambitiousbirthday16originallarge
color_warehouse_1,801,aaa111kxf58ambitiousbirthday16invmedium
color_warehouse_1,587,aaa111kxf58ambitiousbirthday16invsmall
color_warehouse_1,915,aaa111kxf58ambitiousbirthday16invlarge
color_warehouse_1,498,aaa111kxf58ambitiousbirthday16wbmedium
color_warehouse_1,525,aaa111kxf58ambitiousbirthday16wbsmall
color_warehouse_1,781,aaa111kxf58ambitiousbirthday16wblarge
color_warehouse_1,965,aaa111kxf58ambitiousbirthday16bwmedium
color_warehouse_1,71,aaa111kxf58ambitiousbirthday16bwsmall
color_warehouse_1,120,aaa111kxf58ambitiousbirthday16bwlarge
color_warehouse_1,945,aaa111jsp65vastairplane17originalmedium
color_warehouse_1,582,aaa111jsp65vastairplane17originalsmall
color_warehouse_1,441,aaa111jsp65vastairplane17originallarge
color_warehouse_1,276,aaa111jsp65vastairplane17invmedium
color_warehouse_1,524,aaa111jsp65vastairplane17invsmall
color_warehouse_1,54,aaa111jsp65vastairplane17invlarge
color_warehouse_1,918,aaa111jsp65vastairplane17wbmedium
color_warehouse_1,792,aaa111jsp65vastairplane17wbsmall
color_warehouse_1,578,aaa111jsp65vastairplane17wblarge
color_warehouse_1,496,aaa111jsp65vastairplane17bwmedium
color_warehouse_1,884,aaa111jsp65vastairplane17bwsmall
color_warehouse_1,504,aaa111jsp65vastairplane17bwlarge
color_warehouse_1,34,aaa111rbz08vastcriminal18originalmedium
color_warehouse_1,975,aaa111rbz08vastcriminal18originalsmall
color_warehouse_1,52,aaa111rbz08vastcriminal18originallarge
color_warehouse_1,88,aaa111rbz08vastcriminal18invmedium
color_warehouse_1,111,aaa111rbz08vastcriminal18invsmall
color_warehouse_1,939,aaa111rbz08vastcriminal18invlarge
color_warehouse_1,858,aaa111rbz08vastcriminal18wbmedium
color_warehouse_1,465,aaa111rbz08vastcriminal18wbsmall
color_warehouse_1,847,aaa111rbz08vastcriminal18wblarge
color_warehouse_1,477,aaa111rbz08vastcriminal18bwmedium
color_warehouse_1,174,aaa111rbz08vastcriminal18bwsmall
color_warehouse_1,611,aaa111rbz08vastcriminal18bwlarge
color_warehouse_1,135,aaa111mam03herculeanearring19originalmedium
color_warehouse_1,495,aaa111mam03herculeanearring19originalsmall
color_warehouse_1,869,aaa111mam03herculeanearring19originallarge
color_warehouse_1,237,aaa111mam03herculeanearring19invmedium
color_warehouse_1,15,aaa111mam03herculeanearring19invsmall
color_warehouse_1,460,aaa111mam03herculeanearring19invlarge
color_warehouse_1,273,aaa111mam03herculeanearring19wbmedium
color_warehouse_1,854,aaa111mam03herculeanearring19wbsmall
color_warehouse_1,609,aaa111mam03herculeanearring19wblarge
color_warehouse_1,527,aaa111mam03herculeanearring19bwmedium
color_warehouse_1,366,aaa111mam03herculeanearring19bwsmall
color_warehouse_1,907,aaa111mam03herculeanearring19bwlarge
color_warehouse_1,170,aaa111fvf91vastrestroom20originalmedium
color_warehouse_1,155,aaa111fvf91vastrestroom20originalsmall
color_warehouse_1,867,aaa111fvf91vastrestroom20originallarge
color_warehouse_1,198,aaa111fvf91vastrestroom20invmedium
color_warehouse_1,455,aaa111fvf91vastrestroom20invsmall
color_warehouse_1,423,aaa111fvf91vastrestroom20invlarge
color_warehouse_1,848,aaa111fvf91vastrestroom20wbmedium
color_warehouse_1,877,aaa111fvf91vastrestroom20wbsmall
color_warehouse_1,394,aaa111fvf91vastrestroom20wblarge
color_warehouse_1,826,aaa111fvf91vastrestroom20bwmedium
color_warehouse_1,600,aaa111fvf91vastrestroom20bwsmall
color_warehouse_1,199,aaa111fvf91vastrestroom20bwlarge
color_warehouse_1,556,aaa111xvh92homericmidnight21originalmedium
color_warehouse_1,201,aaa111xvh92homericmidnight21originalsmall
color_warehouse_1,429,aaa111xvh92homericmidnight21originallarge
color_warehouse_1,509,aaa111xvh92homericmidnight21invmedium
color_warehouse_1,802,aaa111xvh92homericmidnight21invsmall
color_warehouse_1,901,aaa111xvh92homericmidnight21invlarge
color_warehouse_1,592,aaa111xvh92homericmidnight21wbmedium
color_warehouse_1,983,aaa111xvh92homericmidnight21wbsmall
color_warehouse_1,96,aaa111xvh92homericmidnight21wblarge
color_warehouse_1,476,aaa111xvh92homericmidnight21bwmedium
color_warehouse_1,994,aaa111xvh92homericmidnight21bwsmall
color_warehouse_1,355,aaa111xvh92homericmidnight21bwlarge
color_warehouse_1,642,aaa111gzy08grandiloquentkeepsake22originalmedium
color_warehouse_1,469,aaa111gzy08grandiloquentkeepsake22originalsmall
color_warehouse_1,344,aaa111gzy08grandiloquentkeepsake22originallarge
color_warehouse_1,687,aaa111gzy08grandiloquentkeepsake22invmedium
color_warehouse_1,712,aaa111gzy08grandiloquentkeepsake22invsmall
color_warehouse_1,51,aaa111gzy08grandiloquentkeepsake22invlarge
color_warehouse_1,469,aaa111gzy08grandiloquentkeepsake22wbmedium
color_warehouse_1,823,aaa111gzy08grandiloquentkeepsake22wbsmall
color_warehouse_1,337,aaa111gzy08grandiloquentkeepsake22wblarge
color_warehouse_1,394,aaa111gzy08grandiloquentkeepsake22bwmedium
color_warehouse_1,266,aaa111gzy08grandiloquentkeepsake22bwsmall
color_warehouse_1,829,aaa111gzy08grandiloquentkeepsake22bwlarge
color_warehouse_1,283,aaa111bgl13vastrattail23originalmedium
color_warehouse_1,811,aaa111bgl13vastrattail23originalsmall
color_warehouse_1,375,aaa111bgl13vastrattail23originallarge
color_warehouse_1,717,aaa111bgl13vastrattail23invmedium
color_warehouse_1,1,aaa111bgl13vastrattail23invsmall
color_warehouse_1,482,aaa111bgl13vastrattail23invlarge
color_warehouse_1,644,aaa111bgl13vastrattail23wbmedium
color_warehouse_1,720,aaa111bgl13vastrattail23wbsmall
color_warehouse_1,143,aaa111bgl13vastrattail23wblarge
color_warehouse_1,290,aaa111bgl13vastrattail23bwmedium
color_warehouse_1,975,aaa111bgl13vastrattail23bwsmall
color_warehouse_1,55,aaa111bgl13vastrattail23bwlarge
color_warehouse_1,919,aaa111loz72grandwashroom24originalmedium
color_warehouse_1,863,aaa111loz72grandwashroom24originalsmall
color_warehouse_1,514,aaa111loz72grandwashroom24originallarge
color_warehouse_1,401,aaa111loz72grandwashroom24invmedium
color_warehouse_1,369,aaa111loz72grandwashroom24invsmall
color_warehouse_1,475,aaa111loz72grandwashroom24invlarge
color_warehouse_1,741,aaa111loz72grandwashroom24wbmedium
color_warehouse_1,987,aaa111loz72grandwashroom24wbsmall
color_warehouse_1,840,aaa111loz72grandwashroom24wblarge
color_warehouse_1,465,aaa111loz72grandwashroom24bwmedium
color_warehouse_1,936,aaa111loz72grandwashroom24bwsmall
color_warehouse_1,468,aaa111loz72grandwashroom24bwlarge
color_warehouse_1,344,aaa111zbr91grandiloquentpreacher25originalmedium
color_warehouse_1,262,aaa111zbr91grandiloquentpreacher25originalsmall
color_warehouse_1,19,aaa111zbr91grandiloquentpreacher25originallarge
color_warehouse_1,297,aaa111zbr91grandiloquentpreacher25invmedium
color_warehouse_1,277,aaa111zbr91grandiloquentpreacher25invsmall
color_warehouse_1,737,aaa111zbr91grandiloquentpreacher25invlarge
color_warehouse_1,469,aaa111zbr91grandiloquentpreacher25wbmedium
color_warehouse_1,977,aaa111zbr91grandiloquentpreacher25wbsmall
color_warehouse_1,477,aaa111zbr91grandiloquentpreacher25wblarge
color_warehouse_1,337,aaa111zbr91grandiloquentpreacher25bwmedium
color_warehouse_1,901,aaa111zbr91grandiloquentpreacher25bwsmall
color_warehouse_1,990,aaa111zbr91grandiloquentpreacher25bwlarge
color_warehouse_1,837,aaa111txg14vasthooligan26originalmedium
color_warehouse_1,38,aaa111txg14vasthooligan26originalsmall
color_warehouse_1,463,aaa111txg14vasthooligan26originallarge
color_warehouse_1,272,aaa111txg14vasthooligan26invmedium
color_warehouse_1,926,aaa111txg14vasthooligan26invsmall
color_warehouse_1,79,aaa111txg14vasthooligan26invlarge
color_warehouse_1,191,aaa111txg14vasthooligan26wbmedium
color_warehouse_1,344,aaa111txg14vasthooligan26wbsmall
color_warehouse_1,132,aaa111txg14vasthooligan26wblarge
color_warehouse_1,300,aaa111txg14vasthooligan26bwmedium
color_warehouse_1,730,aaa111txg14vasthooligan26bwsmall
color_warehouse_1,670,aaa111txg14vasthooligan26bwlarge
color_warehouse_1,867,aaa111dad79vastsealion27originalmedium
color_warehouse_1,933,aaa111dad79vastsealion27originalsmall
color_warehouse_1,286,aaa111dad79vastsealion27originallarge
color_warehouse_1,453,aaa111dad79vastsealion27invmedium
color_warehouse_1,608,aaa111dad79vastsealion27invsmall
color_warehouse_1,614,aaa111dad79vastsealion27invlarge
color_warehouse_1,706,aaa111dad79vastsealion27wbmedium
color_warehouse_1,298,aaa111dad79vastsealion27wbsmall
color_warehouse_1,590,aaa111dad79vastsealion27wblarge
color_warehouse_1,535,aaa111dad79vastsealion27bwmedium
color_warehouse_1,370,aaa111dad79vastsealion27bwsmall
color_warehouse_1,294,aaa111dad79vastsealion27bwlarge
color_warehouse_1,796,aaa111oyx57ambitiousbathroom28originalmedium
color_warehouse_1,472,aaa111oyx57ambitiousbathroom28originalsmall
color_warehouse_1,473,aaa111oyx57ambitiousbathroom28originallarge
color_warehouse_1,112,aaa111oyx57ambitiousbathroom28invmedium
color_warehouse_1,732,aaa111oyx57ambitiousbathroom28invsmall
color_warehouse_1,154,aaa111oyx57ambitiousbathroom28invlarge
color_warehouse_1,367,aaa111oyx57ambitiousbathroom28wbmedium
color_warehouse_1,201,aaa111oyx57ambitiousbathroom28wbsmall
color_warehouse_1,116,aaa111oyx57ambitiousbathroom28wblarge
color_warehouse_1,690,aaa111oyx57ambitiousbathroom28bwmedium
color_warehouse_1,682,aaa111oyx57ambitiousbathroom28bwsmall
color_warehouse_1,386,aaa111oyx57ambitiousbathroom28bwlarge
color_warehouse_1,948,aaa111ebm36vastbirthday29originalmedium
color_warehouse_1,430,aaa111ebm36vastbirthday29originalsmall
color_warehouse_1,897,aaa111ebm36vastbirthday29originallarge
color_warehouse_1,809,aaa111ebm36vastbirthday29invmedium
color_warehouse_1,807,aaa111ebm36vastbirthday29invsmall
color_warehouse_1,344,aaa111ebm36vastbirthday29invlarge
color_warehouse_1,836,aaa111ebm36vastbirthday29wbmedium
color_warehouse_1,933,aaa111ebm36vastbirthday29wbsmall
color_warehouse_1,657,aaa111ebm36vastbirthday29wblarge
color_warehouse_1,788,aaa111ebm36vastbirthday29bwmedium
color_warehouse_1,167,aaa111ebm36vastbirthday29bwsmall
color_warehouse_1,940,aaa111ebm36vastbirthday29bwlarge
color_warehouse_1,340,aaa111vnq81ambitiousbathroom30originalmedium
color_warehouse_1,124,aaa111vnq81ambitiousbathroom30originalsmall
color_warehouse_1,174,aaa111vnq81ambitiousbathroom30originallarge
color_warehouse_1,35,aaa111vnq81ambitiousbathroom30invmedium
color_warehouse_1,438,aaa111vnq81ambitiousbathroom30invsmall
color_warehouse_1,602,aaa111vnq81ambitiousbathroom30invlarge
color_warehouse_1,631,aaa111vnq81ambitiousbathroom30wbmedium
color_warehouse_1,418,aaa111vnq81ambitiousbathroom30wbsmall
color_warehouse_1,912,aaa111vnq81ambitiousbathroom30wblarge
color_warehouse_1,570,aaa111vnq81ambitiousbathroom30bwmedium
color_warehouse_1,979,aaa111vnq81ambitiousbathroom30bwsmall
color_warehouse_1,117,aaa111vnq81ambitiousbathroom30bwlarge
color_warehouse_1,450,aaa111ulg23grandkeepsake31originalmedium
color_warehouse_1,720,aaa111ulg23grandkeepsake31originalsmall
color_warehouse_1,79,aaa111ulg23grandkeepsake31originallarge
color_warehouse_1,272,aaa111ulg23grandkeepsake31invmedium
color_warehouse_1,838,aaa111ulg23grandkeepsake31invsmall
color_warehouse_1,629,aaa111ulg23grandkeepsake31invlarge
color_warehouse_1,761,aaa111ulg23grandkeepsake31wbmedium
color_warehouse_1,707,aaa111ulg23grandkeepsake31wbsmall
color_warehouse_1,250,aaa111ulg23grandkeepsake31wblarge
color_warehouse_1,680,aaa111ulg23grandkeepsake31bwmedium
color_warehouse_1,64,aaa111ulg23grandkeepsake31bwsmall
color_warehouse_1,307,aaa111ulg23grandkeepsake31bwlarge
color_warehouse_1,300,aaa111pwd22homerickeepsake32originalmedium
color_warehouse_1,679,aaa111pwd22homerickeepsake32originalsmall
color_warehouse_1,23,aaa111pwd22homerickeepsake32originallarge
color_warehouse_1,958,aaa111pwd22homerickeepsake32invmedium
color_warehouse_1,137,aaa111pwd22homerickeepsake32invsmall
color_warehouse_1,842,aaa111pwd22homerickeepsake32invlarge
color_warehouse_1,856,aaa111pwd22homerickeepsake32wbmedium
color_warehouse_1,933,aaa111pwd22homerickeepsake32wbsmall
color_warehouse_1,514,aaa111pwd22homerickeepsake32wblarge
color_warehouse_1,966,aaa111pwd22homerickeepsake32bwmedium
color_warehouse_1,400,aaa111pwd22homerickeepsake32bwsmall
color_warehouse_1,286,aaa111pwd22homerickeepsake32bwlarge
color_warehouse_1,690,aaa111rlv27ambitioussodapop33originalmedium
color_warehouse_1,451,aaa111rlv27ambitioussodapop33originalsmall
color_warehouse_1,184,aaa111rlv27ambitioussodapop33originallarge
color_warehouse_1,874,aaa111rlv27ambitioussodapop33invmedium
color_warehouse_1,483,aaa111rlv27ambitioussodapop33invsmall
color_warehouse_1,675,aaa111rlv27ambitioussodapop33invlarge
color_warehouse_1,707,aaa111rlv27ambitioussodapop33wbmedium
color_warehouse_1,909,aaa111rlv27ambitioussodapop33wbsmall
color_warehouse_1,572,aaa111rlv27ambitioussodapop33wblarge
color_warehouse_1,721,aaa111rlv27ambitioussodapop33bwmedium
color_warehouse_1,462,aaa111rlv27ambitioussodapop33bwsmall
color_warehouse_1,213,aaa111rlv27ambitioussodapop33bwlarge
color_warehouse_1,237,aaa111pml60grandiloquentdriveway34originalmedium
color_warehouse_1,581,aaa111pml60grandiloquentdriveway34originalsmall
color_warehouse_1,408,aaa111pml60grandiloquentdriveway34originallarge
color_warehouse_1,749,aaa111pml60grandiloquentdriveway34invmedium
color_warehouse_1,368,aaa111pml60grandiloquentdriveway34invsmall
color_warehouse_1,953,aaa111pml60grandiloquentdriveway34invlarge
color_warehouse_1,51,aaa111pml60grandiloquentdriveway34wbmedium
color_warehouse_1,180,aaa111pml60grandiloquentdriveway34wbsmall
color_warehouse_1,122,aaa111pml60grandiloquentdriveway34wblarge
color_warehouse_1,85,aaa111pml60grandiloquentdriveway34bwmedium
color_warehouse_1,386,aaa111pml60grandiloquentdriveway34bwsmall
color_warehouse_1,259,aaa111pml60grandiloquentdriveway34bwlarge
color_warehouse_1,148,aaa111byn06heroicbathroom35originalmedium
color_warehouse_1,735,aaa111byn06heroicbathroom35originalsmall
color_warehouse_1,791,aaa111byn06heroicbathroom35originallarge
color_warehouse_1,242,aaa111byn06heroicbathroom35invmedium
color_warehouse_1,348,aaa111byn06heroicbathroom35invsmall
color_warehouse_1,368,aaa111byn06heroicbathroom35invlarge
color_warehouse_1,464,aaa111byn06heroicbathroom35wbmedium
color_warehouse_1,136,aaa111byn06heroicbathroom35wbsmall
color_warehouse_1,971,aaa111byn06heroicbathroom35wblarge
color_warehouse_1,616,aaa111byn06heroicbathroom35bwmedium
color_warehouse_1,672,aaa111byn06heroicbathroom35bwsmall
color_warehouse_1,511,aaa111byn06heroicbathroom35bwlarge
color_warehouse_1,313,aaa111yvs02grandiloquentdwelling36originalmedium
color_warehouse_1,791,aaa111yvs02grandiloquentdwelling36originalsmall
color_warehouse_1,419,aaa111yvs02grandiloquentdwelling36originallarge
color_warehouse_1,296,aaa111yvs02grandiloquentdwelling36invmedium
color_warehouse_1,635,aaa111yvs02grandiloquentdwelling36invsmall
color_warehouse_1,334,aaa111yvs02grandiloquentdwelling36invlarge
color_warehouse_1,157,aaa111yvs02grandiloquentdwelling36wbmedium
color_warehouse_1,50,aaa111yvs02grandiloquentdwelling36wbsmall
color_warehouse_1,632,aaa111yvs02grandiloquentdwelling36wblarge
color_warehouse_1,359,aaa111yvs02grandiloquentdwelling36bwmedium
color_warehouse_1,179,aaa111yvs02grandiloquentdwelling36bwsmall
color_warehouse_1,820,aaa111yvs02grandiloquentdwelling36bwlarge
color_warehouse_1,66,aaa111pdb94vastdwelling37originalmedium
color_warehouse_1,890,aaa111pdb94vastdwelling37originalsmall
color_warehouse_1,889,aaa111pdb94vastdwelling37originallarge
color_warehouse_1,2,aaa111pdb94vastdwelling37invmedium
color_warehouse_1,751,aaa111pdb94vastdwelling37invsmall
color_warehouse_1,263,aaa111pdb94vastdwelling37invlarge
color_warehouse_1,270,aaa111pdb94vastdwelling37wbmedium
color_warehouse_1,52,aaa111pdb94vastdwelling37wbsmall
color_warehouse_1,72,aaa111pdb94vastdwelling37wblarge
color_warehouse_1,204,aaa111pdb94vastdwelling37bwmedium
color_warehouse_1,556,aaa111pdb94vastdwelling37bwsmall
color_warehouse_1,858,aaa111pdb94vastdwelling37bwlarge
color_warehouse_1,275,aaa111evt80vastcaveman38originalmedium
color_warehouse_1,676,aaa111evt80vastcaveman38originalsmall
color_warehouse_1,176,aaa111evt80vastcaveman38originallarge
color_warehouse_1,193,aaa111evt80vastcaveman38invmedium
color_warehouse_1,519,aaa111evt80vastcaveman38invsmall
color_warehouse_1,651,aaa111evt80vastcaveman38invlarge
color_warehouse_1,192,aaa111evt80vastcaveman38wbmedium
color_warehouse_1,513,aaa111evt80vastcaveman38wbsmall
color_warehouse_1,14,aaa111evt80vastcaveman38wblarge
color_warehouse_1,345,aaa111evt80vastcaveman38bwmedium
color_warehouse_1,200,aaa111evt80vastcaveman38bwsmall
color_warehouse_1,583,aaa111evt80vastcaveman38bwlarge
color_warehouse_1,692,aaa111piy28grandiloquentcaveman39originalmedium
color_warehouse_1,878,aaa111piy28grandiloquentcaveman39originalsmall
color_warehouse_1,969,aaa111piy28grandiloquentcaveman39originallarge
color_warehouse_1,624,aaa111piy28grandiloquentcaveman39invmedium
color_warehouse_1,719,aaa111piy28grandiloquentcaveman39invsmall
color_warehouse_1,332,aaa111piy28grandiloquentcaveman39invlarge
color_warehouse_1,845,aaa111piy28grandiloquentcaveman39wbmedium
color_warehouse_1,263,aaa111piy28grandiloquentcaveman39wbsmall
color_warehouse_1,514,aaa111piy28grandiloquentcaveman39wblarge
color_warehouse_1,267,aaa111piy28grandiloquentcaveman39bwmedium
color_warehouse_1,125,aaa111piy28grandiloquentcaveman39bwsmall
color_warehouse_1,274,aaa111piy28grandiloquentcaveman39bwlarge
color_warehouse_1,827,aaa111oft79grandpreacher40originalmedium
color_warehouse_1,314,aaa111oft79grandpreacher40originalsmall
color_warehouse_1,690,aaa111oft79grandpreacher40originallarge
color_warehouse_1,180,aaa111oft79grandpreacher40invmedium
color_warehouse_1,850,aaa111oft79grandpreacher40invsmall
color_warehouse_1,986,aaa111oft79grandpreacher40invlarge
color_warehouse_1,359,aaa111oft79grandpreacher40wbmedium
color_warehouse_1,45,aaa111oft79grandpreacher40wbsmall
color_warehouse_1,294,aaa111oft79grandpreacher40wblarge
color_warehouse_1,215,aaa111oft79grandpreacher40bwmedium
color_warehouse_1,55,aaa111oft79grandpreacher40bwsmall
color_warehouse_1,29,aaa111oft79grandpreacher40bwlarge
color_warehouse_1,910,aaa111hvt89monumentalpreacher41originalmedium
color_warehouse_1,273,aaa111hvt89monumentalpreacher41originalsmall
color_warehouse_1,793,aaa111hvt89monumentalpreacher41originallarge
color_warehouse_1,898,aaa111hvt89monumentalpreacher41invmedium
color_warehouse_1,688,aaa111hvt89monumentalpreacher41invsmall
color_warehouse_1,895,aaa111hvt89monumentalpreacher41invlarge
color_warehouse_1,235,aaa111hvt89monumentalpreacher41wbmedium
color_warehouse_1,726,aaa111hvt89monumentalpreacher41wbsmall
color_warehouse_1,362,aaa111hvt89monumentalpreacher41wblarge
color_warehouse_1,18,aaa111hvt89monumentalpreacher41bwmedium
color_warehouse_1,679,aaa111hvt89monumentalpreacher41bwsmall
color_warehouse_1,252,aaa111hvt89monumentalpreacher41bwlarge
color_warehouse_1,977,aaa111rym41grandwashroom42originalmedium
color_warehouse_1,9,aaa111rym41grandwashroom42originalsmall
color_warehouse_1,941,aaa111rym41grandwashroom42originallarge
color_warehouse_1,684,aaa111rym41grandwashroom42invmedium
color_warehouse_1,750,aaa111rym41grandwashroom42invsmall
color_warehouse_1,535,aaa111rym41grandwashroom42invlarge
color_warehouse_1,273,aaa111rym41grandwashroom42wbmedium
color_warehouse_1,324,aaa111rym41grandwashroom42wbsmall
color_warehouse_1,922,aaa111rym41grandwashroom42wblarge
color_warehouse_1,884,aaa111rym41grandwashroom42bwmedium
color_warehouse_1,665,aaa111rym41grandwashroom42bwsmall
color_warehouse_1,551,aaa111rym41grandwashroom42bwlarge
color_warehouse_1,479,aaa111hnv28heroicsealion43originalmedium
color_warehouse_1,205,aaa111hnv28heroicsealion43originalsmall
color_warehouse_1,590,aaa111hnv28heroicsealion43originallarge
color_warehouse_1,267,aaa111hnv28heroicsealion43invmedium
color_warehouse_1,2,aaa111hnv28heroicsealion43invsmall
color_warehouse_1,688,aaa111hnv28heroicsealion43invlarge
color_warehouse_1,331,aaa111hnv28heroicsealion43wbmedium
color_warehouse_1,418,aaa111hnv28heroicsealion43wbsmall
color_warehouse_1,709,aaa111hnv28heroicsealion43wblarge
color_warehouse_1,872,aaa111hnv28heroicsealion43bwmedium
color_warehouse_1,779,aaa111hnv28heroicsealion43bwsmall
color_warehouse_1,957,aaa111hnv28heroicsealion43bwlarge
color_warehouse_1,921,aaa111eut03extraordinaryrailroad44originalmedium
color_warehouse_1,454,aaa111eut03extraordinaryrailroad44originalsmall
color_warehouse_1,959,aaa111eut03extraordinaryrailroad44originallarge
color_warehouse_1,72,aaa111eut03extraordinaryrailroad44invmedium
color_warehouse_1,848,aaa111eut03extraordinaryrailroad44invsmall
color_warehouse_1,98,aaa111eut03extraordinaryrailroad44invlarge
color_warehouse_1,375,aaa111eut03extraordinaryrailroad44wbmedium
color_warehouse_1,15,aaa111eut03extraordinaryrailroad44wbsmall
color_warehouse_1,128,aaa111eut03extraordinaryrailroad44wblarge
color_warehouse_1,646,aaa111eut03extraordinaryrailroad44bwmedium
color_warehouse_1,431,aaa111eut03extraordinaryrailroad44bwsmall
color_warehouse_1,615,aaa111eut03extraordinaryrailroad44bwlarge
color_warehouse_1,487,aaa111cxe23heroicbirthday45originalmedium
color_warehouse_1,947,aaa111cxe23heroicbirthday45originalsmall
color_warehouse_1,863,aaa111cxe23heroicbirthday45originallarge
color_warehouse_1,545,aaa111cxe23heroicbirthday45invmedium
color_warehouse_1,892,aaa111cxe23heroicbirthday45invsmall
color_warehouse_1,331,aaa111cxe23heroicbirthday45invlarge
color_warehouse_1,320,aaa111cxe23heroicbirthday45wbmedium
color_warehouse_1,38,aaa111cxe23heroicbirthday45wbsmall
color_warehouse_1,108,aaa111cxe23heroicbirthday45wblarge
color_warehouse_1,549,aaa111cxe23heroicbirthday45bwmedium
color_warehouse_1,613,aaa111cxe23heroicbirthday45bwsmall
color_warehouse_1,229,aaa111cxe23heroicbirthday45bwlarge
color_warehouse_1,428,aaa111rpf03vastcaveman46originalmedium
color_warehouse_1,868,aaa111rpf03vastcaveman46originalsmall
color_warehouse_1,400,aaa111rpf03vastcaveman46originallarge
color_warehouse_1,603,aaa111rpf03vastcaveman46invmedium
color_warehouse_1,334,aaa111rpf03vastcaveman46invsmall
color_warehouse_1,321,aaa111rpf03vastcaveman46invlarge
color_warehouse_1,813,aaa111rpf03vastcaveman46wbmedium
color_warehouse_1,159,aaa111rpf03vastcaveman46wbsmall
color_warehouse_1,876,aaa111rpf03vastcaveman46wblarge
color_warehouse_1,620,aaa111rpf03vastcaveman46bwmedium
color_warehouse_1,688,aaa111rpf03vastcaveman46bwsmall
color_warehouse_1,983,aaa111rpf03vastcaveman46bwlarge
color_warehouse_1,424,aaa111giw80extravagantearring47originalmedium
color_warehouse_1,412,aaa111giw80extravagantearring47originalsmall
color_warehouse_1,89,aaa111giw80extravagantearring47originallarge
color_warehouse_1,578,aaa111giw80extravagantearring47invmedium
color_warehouse_1,107,aaa111giw80extravagantearring47invsmall
color_warehouse_1,159,aaa111giw80extravagantearring47invlarge
color_warehouse_1,100,aaa111giw80extravagantearring47wbmedium
color_warehouse_1,980,aaa111giw80extravagantearring47wbsmall
color_warehouse_1,475,aaa111giw80extravagantearring47wblarge
color_warehouse_1,564,aaa111giw80extravagantearring47bwmedium
color_warehouse_1,103,aaa111giw80extravagantearring47bwsmall
color_warehouse_1,188,aaa111giw80extravagantearring47bwlarge
color_warehouse_1,17,aaa111uvk38miltonianhooligan48originalmedium
color_warehouse_1,850,aaa111uvk38miltonianhooligan48originalsmall
color_warehouse_1,444,aaa111uvk38miltonianhooligan48originallarge
color_warehouse_1,940,aaa111uvk38miltonianhooligan48invmedium
color_warehouse_1,74,aaa111uvk38miltonianhooligan48invsmall
color_warehouse_1,385,aaa111uvk38miltonianhooligan48invlarge
color_warehouse_1,458,aaa111uvk38miltonianhooligan48wbmedium
color_warehouse_1,731,aaa111uvk38miltonianhooligan48wbsmall
color_warehouse_1,119,aaa111uvk38miltonianhooligan48wblarge
color_warehouse_1,463,aaa111uvk38miltonianhooligan48bwmedium
color_warehouse_1,596,aaa111uvk38miltonianhooligan48bwsmall
color_warehouse_1,37,aaa111uvk38miltonianhooligan48bwlarge
color_warehouse_1,910,aaa111fvi13loftyrailroad49originalmedium
color_warehouse_1,320,aaa111fvi13loftyrailroad49originalsmall
color_warehouse_1,453,aaa111fvi13loftyrailroad49originallarge
color_warehouse_1,460,aaa111fvi13loftyrailroad49invmedium
color_warehouse_1,412,aaa111fvi13loftyrailroad49invsmall
color_warehouse_1,507,aaa111fvi13loftyrailroad49invlarge
color_warehouse_1,540,aaa111fvi13loftyrailroad49wbmedium
color_warehouse_1,489,aaa111fvi13loftyrailroad49wbsmall
color_warehouse_1,842,aaa111fvi13loftyrailroad49wblarge
color_warehouse_1,448,aaa111fvi13loftyrailroad49bwmedium
color_warehouse_1,327,aaa111fvi13loftyrailroad49bwsmall
color_warehouse_1,97,aaa111fvi13loftyrailroad49bwlarge
color_warehouse_1,856,aaa111lze84grandiloquentdogbowl50originalmedium
color_warehouse_1,268,aaa111lze84grandiloquentdogbowl50originalsmall
color_warehouse_1,981,aaa111lze84grandiloquentdogbowl50originallarge
color_warehouse_1,891,aaa111lze84grandiloquentdogbowl50invmedium
color_warehouse_1,683,aaa111lze84grandiloquentdogbowl50invsmall
color_warehouse_1,149,aaa111lze84grandiloquentdogbowl50invlarge
color_warehouse_1,551,aaa111lze84grandiloquentdogbowl50wbmedium
color_warehouse_1,829,aaa111lze84grandiloquentdogbowl50wbsmall
color_warehouse_1,285,aaa111lze84grandiloquentdogbowl50wblarge
color_warehouse_1,810,aaa111lze84grandiloquentdogbowl50bwmedium
color_warehouse_1,643,aaa111lze84grandiloquentdogbowl50bwsmall
color_warehouse_1,714,aaa111lze84grandiloquentdogbowl50bwlarge
color_warehouse_1,701,aaa111iqr87miltoniancriminal51originalmedium
color_warehouse_1,984,aaa111iqr87miltoniancriminal51originalsmall
color_warehouse_1,18,aaa111iqr87miltoniancriminal51originallarge
color_warehouse_1,79,aaa111iqr87miltoniancriminal51invmedium
color_warehouse_1,104,aaa111iqr87miltoniancriminal51invsmall
color_warehouse_1,468,aaa111iqr87miltoniancriminal51invlarge
color_warehouse_1,222,aaa111iqr87miltoniancriminal51wbmedium
color_warehouse_1,439,aaa111iqr87miltoniancriminal51wbsmall
color_warehouse_1,715,aaa111iqr87miltoniancriminal51wblarge
color_warehouse_1,675,aaa111iqr87miltoniancriminal51bwmedium
color_warehouse_1,141,aaa111iqr87miltoniancriminal51bwsmall
color_warehouse_1,841,aaa111iqr87miltoniancriminal51bwlarge
color_warehouse_1,349,aaa111two86hugepreacher52originalmedium
color_warehouse_1,72,aaa111two86hugepreacher52originalsmall
color_warehouse_1,479,aaa111two86hugepreacher52originallarge
color_warehouse_1,124,aaa111two86hugepreacher52invmedium
color_warehouse_1,727,aaa111two86hugepreacher52invsmall
color_warehouse_1,228,aaa111two86hugepreacher52invlarge
color_warehouse_1,394,aaa111two86hugepreacher52wbmedium
color_warehouse_1,365,aaa111two86hugepreacher52wbsmall
color_warehouse_1,650,aaa111two86hugepreacher52wblarge
color_warehouse_1,378,aaa111two86hugepreacher52bwmedium
color_warehouse_1,858,aaa111two86hugepreacher52bwsmall
color_warehouse_1,599,aaa111two86hugepreacher52bwlarge
color_warehouse_1,60,aaa111hsv82heroicmushroom53originalmedium
color_warehouse_1,839,aaa111hsv82heroicmushroom53originalsmall
color_warehouse_1,335,aaa111hsv82heroicmushroom53originallarge
color_warehouse_1,419,aaa111hsv82heroicmushroom53invmedium
color_warehouse_1,592,aaa111hsv82heroicmushroom53invsmall
color_warehouse_1,720,aaa111hsv82heroicmushroom53invlarge
color_warehouse_1,97,aaa111hsv82heroicmushroom53wbmedium
color_warehouse_1,548,aaa111hsv82heroicmushroom53wbsmall
color_warehouse_1,787,aaa111hsv82heroicmushroom53wblarge
color_warehouse_1,197,aaa111hsv82heroicmushroom53bwmedium
color_warehouse_1,853,aaa111hsv82heroicmushroom53bwsmall
color_warehouse_1,599,aaa111hsv82heroicmushroom53bwlarge
color_warehouse_1,693,aaa111qwj07bombasticbirthday54originalmedium
color_warehouse_1,499,aaa111qwj07bombasticbirthday54originalsmall
color_warehouse_1,956,aaa111qwj07bombasticbirthday54originallarge
color_warehouse_1,633,aaa111qwj07bombasticbirthday54invmedium
color_warehouse_1,832,aaa111qwj07bombasticbirthday54invsmall
color_warehouse_1,736,aaa111qwj07bombasticbirthday54invlarge
color_warehouse_1,178,aaa111qwj07bombasticbirthday54wbmedium
color_warehouse_1,131,aaa111qwj07bombasticbirthday54wbsmall
color_warehouse_1,486,aaa111qwj07bombasticbirthday54wblarge
color_warehouse_1,369,aaa111qwj07bombasticbirthday54bwmedium
color_warehouse_1,287,aaa111qwj07bombasticbirthday54bwsmall
color_warehouse_1,835,aaa111qwj07bombasticbirthday54bwlarge
color_warehouse_1,393,aaa111lrw46grandiloquentnailgun55originalmedium
color_warehouse_1,456,aaa111lrw46grandiloquentnailgun55originalsmall
color_warehouse_1,422,aaa111lrw46grandiloquentnailgun55originallarge
color_warehouse_1,57,aaa111lrw46grandiloquentnailgun55invmedium
color_warehouse_1,424,aaa111lrw46grandiloquentnailgun55invsmall
color_warehouse_1,659,aaa111lrw46grandiloquentnailgun55invlarge
color_warehouse_1,178,aaa111lrw46grandiloquentnailgun55wbmedium
color_warehouse_1,865,aaa111lrw46grandiloquentnailgun55wbsmall
color_warehouse_1,200,aaa111lrw46grandiloquentnailgun55wblarge
color_warehouse_1,53,aaa111lrw46grandiloquentnailgun55bwmedium
color_warehouse_1,886,aaa111lrw46grandiloquentnailgun55bwsmall
color_warehouse_1,562,aaa111lrw46grandiloquentnailgun55bwlarge
color_warehouse_1,629,aaa111fpo74extraordinarykeepsake56originalmedium
color_warehouse_1,50,aaa111fpo74extraordinarykeepsake56originalsmall
color_warehouse_1,583,aaa111fpo74extraordinarykeepsake56originallarge
color_warehouse_1,441,aaa111fpo74extraordinarykeepsake56invmedium
color_warehouse_1,77,aaa111fpo74extraordinarykeepsake56invsmall
color_warehouse_1,760,aaa111fpo74extraordinarykeepsake56invlarge
color_warehouse_1,149,aaa111fpo74extraordinarykeepsake56wbmedium
color_warehouse_1,544,aaa111fpo74extraordinarykeepsake56wbsmall
color_warehouse_1,489,aaa111fpo74extraordinarykeepsake56wblarge
color_warehouse_1,231,aaa111fpo74extraordinarykeepsake56bwmedium
color_warehouse_1,745,aaa111fpo74extraordinarykeepsake56bwsmall
color_warehouse_1,480,aaa111fpo74extraordinarykeepsake56bwlarge
color_warehouse_1,332,aaa111aql13miltoniannailgun57originalmedium
color_warehouse_1,21,aaa111aql13miltoniannailgun57originalsmall
color_warehouse_1,280,aaa111aql13miltoniannailgun57originallarge
color_warehouse_1,217,aaa111aql13miltoniannailgun57invmedium
color_warehouse_1,215,aaa111aql13miltoniannailgun57invsmall
color_warehouse_1,193,aaa111aql13miltoniannailgun57invlarge
color_warehouse_1,281,aaa111aql13miltoniannailgun57wbmedium
color_warehouse_1,554,aaa111aql13miltoniannailgun57wbsmall
color_warehouse_1,991,aaa111aql13miltoniannailgun57wblarge
color_warehouse_1,482,aaa111aql13miltoniannailgun57bwmedium
color_warehouse_1,770,aaa111aql13miltoniannailgun57bwsmall
color_warehouse_1,332,aaa111aql13miltoniannailgun57bwlarge
color_warehouse_1,111,aaa111yzo85hugeairplane58originalmedium
color_warehouse_1,445,aaa111yzo85hugeairplane58originalsmall
color_warehouse_1,86,aaa111yzo85hugeairplane58originallarge
color_warehouse_1,689,aaa111yzo85hugeairplane58invmedium
color_warehouse_1,984,aaa111yzo85hugeairplane58invsmall
color_warehouse_1,918,aaa111yzo85hugeairplane58invlarge
color_warehouse_1,559,aaa111yzo85hugeairplane58wbmedium
color_warehouse_1,721,aaa111yzo85hugeairplane58wbsmall
color_warehouse_1,69,aaa111yzo85hugeairplane58wblarge
color_warehouse_1,496,aaa111yzo85hugeairplane58bwmedium
color_warehouse_1,309,aaa111yzo85hugeairplane58bwsmall
color_warehouse_1,329,aaa111yzo85hugeairplane58bwlarge
color_warehouse_1,851,aaa111yhn56loftyrailroad59originalmedium
color_warehouse_1,100,aaa111yhn56loftyrailroad59originalsmall
color_warehouse_1,876,aaa111yhn56loftyrailroad59originallarge
color_warehouse_1,589,aaa111yhn56loftyrailroad59invmedium
color_warehouse_1,882,aaa111yhn56loftyrailroad59invsmall
color_warehouse_1,679,aaa111yhn56loftyrailroad59invlarge
color_warehouse_1,736,aaa111yhn56loftyrailroad59wbmedium
color_warehouse_1,218,aaa111yhn56loftyrailroad59wbsmall
color_warehouse_1,372,aaa111yhn56loftyrailroad59wblarge
color_warehouse_1,64,aaa111yhn56loftyrailroad59bwmedium
color_warehouse_1,699,aaa111yhn56loftyrailroad59bwsmall
color_warehouse_1,364,aaa111yhn56loftyrailroad59bwlarge
color_warehouse_1,247,aaa111lku36grandcaveman60originalmedium
color_warehouse_1,594,aaa111lku36grandcaveman60originalsmall
color_warehouse_1,722,aaa111lku36grandcaveman60originallarge
color_warehouse_1,434,aaa111lku36grandcaveman60invmedium
color_warehouse_1,493,aaa111lku36grandcaveman60invsmall
color_warehouse_1,468,aaa111lku36grandcaveman60invlarge
color_warehouse_1,71,aaa111lku36grandcaveman60wbmedium
color_warehouse_1,760,aaa111lku36grandcaveman60wbsmall
color_warehouse_1,987,aaa111lku36grandcaveman60wblarge
color_warehouse_1,76,aaa111lku36grandcaveman60bwmedium
color_warehouse_1,659,aaa111lku36grandcaveman60bwsmall
color_warehouse_1,531,aaa111lku36grandcaveman60bwlarge
color_warehouse_1,904,aaa111ept36extravagantnailgun61originalmedium
color_warehouse_1,774,aaa111ept36extravagantnailgun61originalsmall
color_warehouse_1,826,aaa111ept36extravagantnailgun61originallarge
color_warehouse_1,289,aaa111ept36extravagantnailgun61invmedium
color_warehouse_1,577,aaa111ept36extravagantnailgun61invsmall
color_warehouse_1,686,aaa111ept36extravagantnailgun61invlarge
color_warehouse_1,990,aaa111ept36extravagantnailgun61wbmedium
color_warehouse_1,935,aaa111ept36extravagantnailgun61wbsmall
color_warehouse_1,737,aaa111ept36extravagantnailgun61wblarge
color_warehouse_1,823,aaa111ept36extravagantnailgun61bwmedium
color_warehouse_1,458,aaa111ept36extravagantnailgun61bwsmall
color_warehouse_1,174,aaa111ept36extravagantnailgun61bwlarge
color_warehouse_1,183,aaa111qme74heroicgangster62originalmedium
color_warehouse_1,497,aaa111qme74heroicgangster62originalsmall
color_warehouse_1,679,aaa111qme74heroicgangster62originallarge
color_warehouse_1,795,aaa111qme74heroicgangster62invmedium
color_warehouse_1,552,aaa111qme74heroicgangster62invsmall
color_warehouse_1,125,aaa111qme74heroicgangster62invlarge
color_warehouse_1,496,aaa111qme74heroicgangster62wbmedium
color_warehouse_1,261,aaa111qme74heroicgangster62wbsmall
color_warehouse_1,789,aaa111qme74heroicgangster62wblarge
color_warehouse_1,11,aaa111qme74heroicgangster62bwmedium
color_warehouse_1,734,aaa111qme74heroicgangster62bwsmall
color_warehouse_1,712,aaa111qme74heroicgangster62bwlarge
color_warehouse_1,634,aaa111tgl37homericsealion63originalmedium
color_warehouse_1,137,aaa111tgl37homericsealion63originalsmall
color_warehouse_1,725,aaa111tgl37homericsealion63originallarge
color_warehouse_1,385,aaa111tgl37homericsealion63invmedium
color_warehouse_1,43,aaa111tgl37homericsealion63invsmall
color_warehouse_1,642,aaa111tgl37homericsealion63invlarge
color_warehouse_1,653,aaa111tgl37homericsealion63wbmedium
color_warehouse_1,351,aaa111tgl37homericsealion63wbsmall
color_warehouse_1,630,aaa111tgl37homericsealion63wblarge
color_warehouse_1,674,aaa111tgl37homericsealion63bwmedium
color_warehouse_1,839,aaa111tgl37homericsealion63bwsmall
color_warehouse_1,928,aaa111tgl37homericsealion63bwlarge
color_warehouse_1,590,aaa111mlh83herculeanmushroom64originalmedium
color_warehouse_1,867,aaa111mlh83herculeanmushroom64originalsmall
color_warehouse_1,792,aaa111mlh83herculeanmushroom64originallarge
color_warehouse_1,876,aaa111mlh83herculeanmushroom64invmedium
color_warehouse_1,704,aaa111mlh83herculeanmushroom64invsmall
color_warehouse_1,689,aaa111mlh83herculeanmushroom64invlarge
color_warehouse_1,945,aaa111mlh83herculeanmushroom64wbmedium
color_warehouse_1,501,aaa111mlh83herculeanmushroom64wbsmall
color_warehouse_1,226,aaa111mlh83herculeanmushroom64wblarge
color_warehouse_1,784,aaa111mlh83herculeanmushroom64bwmedium
color_warehouse_1,137,aaa111mlh83herculeanmushroom64bwsmall
color_warehouse_1,979,aaa111mlh83herculeanmushroom64bwlarge
color_warehouse_1,624,aaa111mps46bombasticdriveway65originalmedium
color_warehouse_1,277,aaa111mps46bombasticdriveway65originalsmall
color_warehouse_1,25,aaa111mps46bombasticdriveway65originallarge
color_warehouse_1,257,aaa111mps46bombasticdriveway65invmedium
color_warehouse_1,512,aaa111mps46bombasticdriveway65invsmall
color_warehouse_1,137,aaa111mps46bombasticdriveway65invlarge
color_warehouse_1,165,aaa111mps46bombasticdriveway65wbmedium
color_warehouse_1,196,aaa111mps46bombasticdriveway65wbsmall
color_warehouse_1,376,aaa111mps46bombasticdriveway65wblarge
color_warehouse_1,799,aaa111mps46bombasticdriveway65bwmedium
color_warehouse_1,65,aaa111mps46bombasticdriveway65bwsmall
color_warehouse_1,675,aaa111mps46bombasticdriveway65bwlarge
color_warehouse_1,575,aaa111isd27heroiccaveman66originalmedium
color_warehouse_1,223,aaa111isd27heroiccaveman66originalsmall
color_warehouse_1,743,aaa111isd27heroiccaveman66originallarge
color_warehouse_1,368,aaa111isd27heroiccaveman66invmedium
color_warehouse_1,593,aaa111isd27heroiccaveman66invsmall
color_warehouse_1,315,aaa111isd27heroiccaveman66invlarge
color_warehouse_1,716,aaa111isd27heroiccaveman66wbmedium
color_warehouse_1,721,aaa111isd27heroiccaveman66wbsmall
color_warehouse_1,168,aaa111isd27heroiccaveman66wblarge
color_warehouse_1,82,aaa111isd27heroiccaveman66bwmedium
color_warehouse_1,607,aaa111isd27heroiccaveman66bwsmall
color_warehouse_1,690,aaa111isd27heroiccaveman66bwlarge
color_warehouse_1,126,aaa111qov97hugerestroom67originalmedium
color_warehouse_1,618,aaa111qov97hugerestroom67originalsmall
color_warehouse_1,102,aaa111qov97hugerestroom67originallarge
color_warehouse_1,465,aaa111qov97hugerestroom67invmedium
color_warehouse_1,289,aaa111qov97hugerestroom67invsmall
color_warehouse_1,368,aaa111qov97hugerestroom67invlarge
color_warehouse_1,667,aaa111qov97hugerestroom67wbmedium
color_warehouse_1,431,aaa111qov97hugerestroom67wbsmall
color_warehouse_1,101,aaa111qov97hugerestroom67wblarge
color_warehouse_1,828,aaa111qov97hugerestroom67bwmedium
color_warehouse_1,211,aaa111qov97hugerestroom67bwsmall
color_warehouse_1,959,aaa111qov97hugerestroom67bwlarge
color_warehouse_1,139,aaa111ngt48monumentalmidnight68originalmedium
color_warehouse_1,536,aaa111ngt48monumentalmidnight68originalsmall
color_warehouse_1,962,aaa111ngt48monumentalmidnight68originallarge
color_warehouse_1,385,aaa111ngt48monumentalmidnight68invmedium
color_warehouse_1,478,aaa111ngt48monumentalmidnight68invsmall
color_warehouse_1,26,aaa111ngt48monumentalmidnight68invlarge
color_warehouse_1,856,aaa111ngt48monumentalmidnight68wbmedium
color_warehouse_1,238,aaa111ngt48monumentalmidnight68wbsmall
color_warehouse_1,110,aaa111ngt48monumentalmidnight68wblarge
color_warehouse_1,145,aaa111ngt48monumentalmidnight68bwmedium
color_warehouse_1,296,aaa111ngt48monumentalmidnight68bwsmall
color_warehouse_1,418,aaa111ngt48monumentalmidnight68bwlarge
color_warehouse_1,308,aaa111fii94monumentalsealion69originalmedium
color_warehouse_1,866,aaa111fii94monumentalsealion69originalsmall
color_warehouse_1,3,aaa111fii94monumentalsealion69originallarge
color_warehouse_1,886,aaa111fii94monumentalsealion69invmedium
color_warehouse_1,347,aaa111fii94monumentalsealion69invsmall
color_warehouse_1,336,aaa111fii94monumentalsealion69invlarge
color_warehouse_1,675,aaa111fii94monumentalsealion69wbmedium
color_warehouse_1,617,aaa111fii94monumentalsealion69wbsmall
color_warehouse_1,106,aaa111fii94monumentalsealion69wblarge
color_warehouse_1,132,aaa111fii94monumentalsealion69bwmedium
color_warehouse_1,503,aaa111fii94monumentalsealion69bwsmall
color_warehouse_1,230,aaa111fii94monumentalsealion69bwlarge
color_warehouse_1,323,aaa111lgw94homericpreacher70originalmedium
color_warehouse_1,105,aaa111lgw94homericpreacher70originalsmall
color_warehouse_1,822,aaa111lgw94homericpreacher70originallarge
color_warehouse_1,612,aaa111lgw94homericpreacher70invmedium
color_warehouse_1,613,aaa111lgw94homericpreacher70invsmall
color_warehouse_1,631,aaa111lgw94homericpreacher70invlarge
color_warehouse_1,611,aaa111lgw94homericpreacher70wbmedium
color_warehouse_1,277,aaa111lgw94homericpreacher70wbsmall
color_warehouse_1,225,aaa111lgw94homericpreacher70wblarge
color_warehouse_1,905,aaa111lgw94homericpreacher70bwmedium
color_warehouse_1,968,aaa111lgw94homericpreacher70bwsmall
color_warehouse_1,879,aaa111lgw94homericpreacher70bwlarge
color_warehouse_1,371,aaa111toe41arduousdriveway71originalmedium
color_warehouse_1,954,aaa111toe41arduousdriveway71originalsmall
color_warehouse_1,191,aaa111toe41arduousdriveway71originallarge
color_warehouse_1,351,aaa111toe41arduousdriveway71invmedium
color_warehouse_1,345,aaa111toe41arduousdriveway71invsmall
color_warehouse_1,764,aaa111toe41arduousdriveway71invlarge
color_warehouse_1,282,aaa111toe41arduousdriveway71wbmedium
color_warehouse_1,858,aaa111toe41arduousdriveway71wbsmall
color_warehouse_1,248,aaa111toe41arduousdriveway71wblarge
color_warehouse_1,669,aaa111toe41arduousdriveway71bwmedium
color_warehouse_1,587,aaa111toe41arduousdriveway71bwsmall
color_warehouse_1,906,aaa111toe41arduousdriveway71bwlarge
color_warehouse_1,869,aaa111ogi80vastsealion72originalmedium
color_warehouse_1,244,aaa111ogi80vastsealion72originalsmall
color_warehouse_1,83,aaa111ogi80vastsealion72originallarge
color_warehouse_1,996,aaa111ogi80vastsealion72invmedium
color_warehouse_1,844,aaa111ogi80vastsealion72invsmall
color_warehouse_1,244,aaa111ogi80vastsealion72invlarge
color_warehouse_1,939,aaa111ogi80vastsealion72wbmedium
color_warehouse_1,654,aaa111ogi80vastsealion72wbsmall
color_warehouse_1,167,aaa111ogi80vastsealion72wblarge
color_warehouse_1,361,aaa111ogi80vastsealion72bwmedium
color_warehouse_1,594,aaa111ogi80vastsealion72bwsmall
color_warehouse_1,114,aaa111ogi80vastsealion72bwlarge
color_warehouse_1,796,aaa111mig47heroickeepsake73originalmedium
color_warehouse_1,755,aaa111mig47heroickeepsake73originalsmall
color_warehouse_1,340,aaa111mig47heroickeepsake73originallarge
color_warehouse_1,55,aaa111mig47heroickeepsake73invmedium
color_warehouse_1,23,aaa111mig47heroickeepsake73invsmall
color_warehouse_1,567,aaa111mig47heroickeepsake73invlarge
color_warehouse_1,538,aaa111mig47heroickeepsake73wbmedium
color_warehouse_1,301,aaa111mig47heroickeepsake73wbsmall
color_warehouse_1,315,aaa111mig47heroickeepsake73wblarge
color_warehouse_1,332,aaa111mig47heroickeepsake73bwmedium
color_warehouse_1,112,aaa111mig47heroickeepsake73bwsmall
color_warehouse_1,972,aaa111mig47heroickeepsake73bwlarge
color_warehouse_1,873,aaa111nlp03ambitiousrestroom74originalmedium
color_warehouse_1,984,aaa111nlp03ambitiousrestroom74originalsmall
color_warehouse_1,481,aaa111nlp03ambitiousrestroom74originallarge
color_warehouse_1,619,aaa111nlp03ambitiousrestroom74invmedium
color_warehouse_1,724,aaa111nlp03ambitiousrestroom74invsmall
color_warehouse_1,101,aaa111nlp03ambitiousrestroom74invlarge
color_warehouse_1,791,aaa111nlp03ambitiousrestroom74wbmedium
color_warehouse_1,314,aaa111nlp03ambitiousrestroom74wbsmall
color_warehouse_1,577,aaa111nlp03ambitiousrestroom74wblarge
color_warehouse_1,526,aaa111nlp03ambitiousrestroom74bwmedium
color_warehouse_1,363,aaa111nlp03ambitiousrestroom74bwsmall
color_warehouse_1,273,aaa111nlp03ambitiousrestroom74bwlarge
color_warehouse_1,24,aaa111nba49monumentaldirector75originalmedium
color_warehouse_1,525,aaa111nba49monumentaldirector75originalsmall
color_warehouse_1,118,aaa111nba49monumentaldirector75originallarge
color_warehouse_1,119,aaa111nba49monumentaldirector75invmedium
color_warehouse_1,461,aaa111nba49monumentaldirector75invsmall
color_warehouse_1,717,aaa111nba49monumentaldirector75invlarge
color_warehouse_1,447,aaa111nba49monumentaldirector75wbmedium
color_warehouse_1,230,aaa111nba49monumentaldirector75wbsmall
color_warehouse_1,744,aaa111nba49monumentaldirector75wblarge
color_warehouse_1,421,aaa111nba49monumentaldirector75bwmedium
color_warehouse_1,420,aaa111nba49monumentaldirector75bwsmall
color_warehouse_1,614,aaa111nba49monumentaldirector75bwlarge
color_warehouse_1,364,aaa111rle75homericrattail76originalmedium
color_warehouse_1,103,aaa111rle75homericrattail76originalsmall
color_warehouse_1,678,aaa111rle75homericrattail76originallarge
color_warehouse_1,863,aaa111rle75homericrattail76invmedium
color_warehouse_1,45,aaa111rle75homericrattail76invsmall
color_warehouse_1,978,aaa111rle75homericrattail76invlarge
color_warehouse_1,870,aaa111rle75homericrattail76wbmedium
color_warehouse_1,777,aaa111rle75homericrattail76wbsmall
color_warehouse_1,297,aaa111rle75homericrattail76wblarge
color_warehouse_1,601,aaa111rle75homericrattail76bwmedium
color_warehouse_1,64,aaa111rle75homericrattail76bwsmall
color_warehouse_1,498,aaa111rle75homericrattail76bwlarge
color_warehouse_1,602,aaa111hly79hugeairplane77originalmedium
color_warehouse_1,109,aaa111hly79hugeairplane77originalsmall
color_warehouse_1,387,aaa111hly79hugeairplane77originallarge
color_warehouse_1,680,aaa111hly79hugeairplane77invmedium
color_warehouse_1,411,aaa111hly79hugeairplane77invsmall
color_warehouse_1,186,aaa111hly79hugeairplane77invlarge
color_warehouse_1,553,aaa111hly79hugeairplane77wbmedium
color_warehouse_1,609,aaa111hly79hugeairplane77wbsmall
color_warehouse_1,126,aaa111hly79hugeairplane77wblarge
color_warehouse_1,430,aaa111hly79hugeairplane77bwmedium
color_warehouse_1,31,aaa111hly79hugeairplane77bwsmall
color_warehouse_1,641,aaa111hly79hugeairplane77bwlarge
color_warehouse_1,562,aaa111jcd75arduousrattail78originalmedium
color_warehouse_1,427,aaa111jcd75arduousrattail78originalsmall
color_warehouse_1,576,aaa111jcd75arduousrattail78originallarge
color_warehouse_1,990,aaa111jcd75arduousrattail78invmedium
color_warehouse_1,989,aaa111jcd75arduousrattail78invsmall
color_warehouse_1,457,aaa111jcd75arduousrattail78invlarge
color_warehouse_1,590,aaa111jcd75arduousrattail78wbmedium
color_warehouse_1,379,aaa111jcd75arduousrattail78wbsmall
color_warehouse_1,11,aaa111jcd75arduousrattail78wblarge
color_warehouse_1,279,aaa111jcd75arduousrattail78bwmedium
color_warehouse_1,372,aaa111jcd75arduousrattail78bwsmall
color_warehouse_1,238,aaa111jcd75arduousrattail78bwlarge
color_warehouse_1,302,aaa111khx43ambitioussealion79originalmedium
color_warehouse_1,348,aaa111khx43ambitioussealion79originalsmall
color_warehouse_1,36,aaa111khx43ambitioussealion79originallarge
color_warehouse_1,97,aaa111khx43ambitioussealion79invmedium
color_warehouse_1,718,aaa111khx43ambitioussealion79invsmall
color_warehouse_1,274,aaa111khx43ambitioussealion79invlarge
color_warehouse_1,655,aaa111khx43ambitioussealion79wbmedium
color_warehouse_1,565,aaa111khx43ambitioussealion79wbsmall
color_warehouse_1,903,aaa111khx43ambitioussealion79wblarge
color_warehouse_1,320,aaa111khx43ambitioussealion79bwmedium
color_warehouse_1,359,aaa111khx43ambitioussealion79bwsmall
color_warehouse_1,510,aaa111khx43ambitioussealion79bwlarge
color_warehouse_1,265,aaa111qaw26extraordinarybirthday80originalmedium
color_warehouse_1,658,aaa111qaw26extraordinarybirthday80originalsmall
color_warehouse_1,750,aaa111qaw26extraordinarybirthday80originallarge
color_warehouse_1,16,aaa111qaw26extraordinarybirthday80invmedium
color_warehouse_1,69,aaa111qaw26extraordinarybirthday80invsmall
color_warehouse_1,924,aaa111qaw26extraordinarybirthday80invlarge
color_warehouse_1,651,aaa111qaw26extraordinarybirthday80wbmedium
color_warehouse_1,955,aaa111qaw26extraordinarybirthday80wbsmall
color_warehouse_1,875,aaa111qaw26extraordinarybirthday80wblarge
color_warehouse_1,665,aaa111qaw26extraordinarybirthday80bwmedium
color_warehouse_1,481,aaa111qaw26extraordinarybirthday80bwsmall
color_warehouse_1,485,aaa111qaw26extraordinarybirthday80bwlarge
color_warehouse_1,434,aaa111axz49herculeansodapop81originalmedium
color_warehouse_1,473,aaa111axz49herculeansodapop81originalsmall
color_warehouse_1,608,aaa111axz49herculeansodapop81originallarge
color_warehouse_1,76,aaa111axz49herculeansodapop81invmedium
color_warehouse_1,928,aaa111axz49herculeansodapop81invsmall
color_warehouse_1,571,aaa111axz49herculeansodapop81invlarge
color_warehouse_1,431,aaa111axz49herculeansodapop81wbmedium
color_warehouse_1,187,aaa111axz49herculeansodapop81wbsmall
color_warehouse_1,824,aaa111axz49herculeansodapop81wblarge
color_warehouse_1,234,aaa111axz49herculeansodapop81bwmedium
color_warehouse_1,301,aaa111axz49herculeansodapop81bwsmall
color_warehouse_1,551,aaa111axz49herculeansodapop81bwlarge
color_warehouse_1,36,aaa111lou51extraordinaryearring82originalmedium
color_warehouse_1,273,aaa111lou51extraordinaryearring82originalsmall
color_warehouse_1,708,aaa111lou51extraordinaryearring82originallarge
color_warehouse_1,44,aaa111lou51extraordinaryearring82invmedium
color_warehouse_1,547,aaa111lou51extraordinaryearring82invsmall
color_warehouse_1,161,aaa111lou51extraordinaryearring82invlarge
color_warehouse_1,480,aaa111lou51extraordinaryearring82wbmedium
color_warehouse_1,274,aaa111lou51extraordinaryearring82wbsmall
color_warehouse_1,478,aaa111lou51extraordinaryearring82wblarge
color_warehouse_1,505,aaa111lou51extraordinaryearring82bwmedium
color_warehouse_1,685,aaa111lou51extraordinaryearring82bwsmall
color_warehouse_1,883,aaa111lou51extraordinaryearring82bwlarge
color_warehouse_1,587,aaa111fdr48monumentalbirthday83originalmedium
color_warehouse_1,72,aaa111fdr48monumentalbirthday83originalsmall
color_warehouse_1,527,aaa111fdr48monumentalbirthday83originallarge
color_warehouse_1,581,aaa111fdr48monumentalbirthday83invmedium
color_warehouse_1,5,aaa111fdr48monumentalbirthday83invsmall
color_warehouse_1,710,aaa111fdr48monumentalbirthday83invlarge
color_warehouse_1,461,aaa111fdr48monumentalbirthday83wbmedium
color_warehouse_1,812,aaa111fdr48monumentalbirthday83wbsmall
color_warehouse_1,405,aaa111fdr48monumentalbirthday83wblarge
color_warehouse_1,690,aaa111fdr48monumentalbirthday83bwmedium
color_warehouse_1,822,aaa111fdr48monumentalbirthday83bwsmall
color_warehouse_1,417,aaa111fdr48monumentalbirthday83bwlarge
color_warehouse_1,405,aaa111emh46vastcriminal84originalmedium
color_warehouse_1,429,aaa111emh46vastcriminal84originalsmall
color_warehouse_1,858,aaa111emh46vastcriminal84originallarge
color_warehouse_1,978,aaa111emh46vastcriminal84invmedium
color_warehouse_1,250,aaa111emh46vastcriminal84invsmall
color_warehouse_1,14,aaa111emh46vastcriminal84invlarge
color_warehouse_1,431,aaa111emh46vastcriminal84wbmedium
color_warehouse_1,57,aaa111emh46vastcriminal84wbsmall
color_warehouse_1,828,aaa111emh46vastcriminal84wblarge
color_warehouse_1,518,aaa111emh46vastcriminal84bwmedium
color_warehouse_1,301,aaa111emh46vastcriminal84bwsmall
color_warehouse_1,140,aaa111emh46vastcriminal84bwlarge
color_warehouse_1,431,aaa111oax60granddogbowl85originalmedium
color_warehouse_1,691,aaa111oax60granddogbowl85originalsmall
color_warehouse_1,454,aaa111oax60granddogbowl85originallarge
color_warehouse_1,338,aaa111oax60granddogbowl85invmedium
color_warehouse_1,12,aaa111oax60granddogbowl85invsmall
color_warehouse_1,997,aaa111oax60granddogbowl85invlarge
color_warehouse_1,744,aaa111oax60granddogbowl85wbmedium
color_warehouse_1,970,aaa111oax60granddogbowl85wbsmall
color_warehouse_1,599,aaa111oax60granddogbowl85wblarge
color_warehouse_1,711,aaa111oax60granddogbowl85bwmedium
color_warehouse_1,476,aaa111oax60granddogbowl85bwsmall
color_warehouse_1,94,aaa111oax60granddogbowl85bwlarge
color_warehouse_1,983,aaa111oif70heroicsodapop86originalmedium
color_warehouse_1,972,aaa111oif70heroicsodapop86originalsmall
color_warehouse_1,609,aaa111oif70heroicsodapop86originallarge
color_warehouse_1,907,aaa111oif70heroicsodapop86invmedium
color_warehouse_1,327,aaa111oif70heroicsodapop86invsmall
color_warehouse_1,489,aaa111oif70heroicsodapop86invlarge
color_warehouse_1,775,aaa111oif70heroicsodapop86wbmedium
color_warehouse_1,299,aaa111oif70heroicsodapop86wbsmall
color_warehouse_1,570,aaa111oif70heroicsodapop86wblarge
color_warehouse_1,18,aaa111oif70heroicsodapop86bwmedium
color_warehouse_1,222,aaa111oif70heroicsodapop86bwsmall
color_warehouse_1,664,aaa111oif70heroicsodapop86bwlarge
color_warehouse_1,739,aaa111xcp42homericgangster87originalmedium
color_warehouse_1,523,aaa111xcp42homericgangster87originalsmall
color_warehouse_1,680,aaa111xcp42homericgangster87originallarge
color_warehouse_1,93,aaa111xcp42homericgangster87invmedium
color_warehouse_1,214,aaa111xcp42homericgangster87invsmall
color_warehouse_1,804,aaa111xcp42homericgangster87invlarge
color_warehouse_1,315,aaa111xcp42homericgangster87wbmedium
color_warehouse_1,274,aaa111xcp42homericgangster87wbsmall
color_warehouse_1,200,aaa111xcp42homericgangster87wblarge
color_warehouse_1,166,aaa111xcp42homericgangster87bwmedium
color_warehouse_1,246,aaa111xcp42homericgangster87bwsmall
color_warehouse_1,197,aaa111xcp42homericgangster87bwlarge
color_warehouse_1,437,aaa111wrx80extravagantrailroad88originalmedium
color_warehouse_1,750,aaa111wrx80extravagantrailroad88originalsmall
color_warehouse_1,562,aaa111wrx80extravagantrailroad88originallarge
color_warehouse_1,161,aaa111wrx80extravagantrailroad88invmedium
color_warehouse_1,0,aaa111wrx80extravagantrailroad88invsmall
color_warehouse_1,566,aaa111wrx80extravagantrailroad88invlarge
color_warehouse_1,553,aaa111wrx80extravagantrailroad88wbmedium
color_warehouse_1,228,aaa111wrx80extravagantrailroad88wbsmall
color_warehouse_1,437,aaa111wrx80extravagantrailroad88wblarge
color_warehouse_1,848,aaa111wrx80extravagantrailroad88bwmedium
color_warehouse_1,354,aaa111wrx80extravagantrailroad88bwsmall
color_warehouse_1,789,aaa111wrx80extravagantrailroad88bwlarge
color_warehouse_1,288,aaa111wao66miltoniansealion89originalmedium
color_warehouse_1,10,aaa111wao66miltoniansealion89originalsmall
color_warehouse_1,508,aaa111wao66miltoniansealion89originallarge
color_warehouse_1,64,aaa111wao66miltoniansealion89invmedium
color_warehouse_1,253,aaa111wao66miltoniansealion89invsmall
color_warehouse_1,416,aaa111wao66miltoniansealion89invlarge
color_warehouse_1,184,aaa111wao66miltoniansealion89wbmedium
color_warehouse_1,961,aaa111wao66miltoniansealion89wbsmall
color_warehouse_1,881,aaa111wao66miltoniansealion89wblarge
color_warehouse_1,760,aaa111wao66miltoniansealion89bwmedium
color_warehouse_1,499,aaa111wao66miltoniansealion89bwsmall
color_warehouse_1,750,aaa111wao66miltoniansealion89bwlarge
color_warehouse_1,435,aaa111cak42bombasticdwelling90originalmedium
color_warehouse_1,721,aaa111cak42bombasticdwelling90originalsmall
color_warehouse_1,132,aaa111cak42bombasticdwelling90originallarge
color_warehouse_1,118,aaa111cak42bombasticdwelling90invmedium
color_warehouse_1,663,aaa111cak42bombasticdwelling90invsmall
color_warehouse_1,345,aaa111cak42bombasticdwelling90invlarge
color_warehouse_1,779,aaa111cak42bombasticdwelling90wbmedium
color_warehouse_1,543,aaa111cak42bombasticdwelling90wbsmall
color_warehouse_1,884,aaa111cak42bombasticdwelling90wblarge
color_warehouse_1,349,aaa111cak42bombasticdwelling90bwmedium
color_warehouse_1,736,aaa111cak42bombasticdwelling90bwsmall
color_warehouse_1,720,aaa111cak42bombasticdwelling90bwlarge
color_warehouse_1,560,aaa111lmr49extraordinaryevidence91originalmedium
color_warehouse_1,449,aaa111lmr49extraordinaryevidence91originalsmall
color_warehouse_1,973,aaa111lmr49extraordinaryevidence91originallarge
color_warehouse_1,790,aaa111lmr49extraordinaryevidence91invmedium
color_warehouse_1,987,aaa111lmr49extraordinaryevidence91invsmall
color_warehouse_1,105,aaa111lmr49extraordinaryevidence91invlarge
color_warehouse_1,986,aaa111lmr49extraordinaryevidence91wbmedium
color_warehouse_1,408,aaa111lmr49extraordinaryevidence91wbsmall
color_warehouse_1,597,aaa111lmr49extraordinaryevidence91wblarge
color_warehouse_1,821,aaa111lmr49extraordinaryevidence91bwmedium
color_warehouse_1,692,aaa111lmr49extraordinaryevidence91bwsmall
color_warehouse_1,815,aaa111lmr49extraordinaryevidence91bwlarge
color_warehouse_1,912,aaa111lmz66loftyhooligan92originalmedium
color_warehouse_1,802,aaa111lmz66loftyhooligan92originalsmall
color_warehouse_1,61,aaa111lmz66loftyhooligan92originallarge
color_warehouse_1,714,aaa111lmz66loftyhooligan92invmedium
color_warehouse_1,100,aaa111lmz66loftyhooligan92invsmall
color_warehouse_1,842,aaa111lmz66loftyhooligan92invlarge
color_warehouse_1,605,aaa111lmz66loftyhooligan92wbmedium
color_warehouse_1,508,aaa111lmz66loftyhooligan92wbsmall
color_warehouse_1,367,aaa111lmz66loftyhooligan92wblarge
color_warehouse_1,594,aaa111lmz66loftyhooligan92bwmedium
color_warehouse_1,808,aaa111lmz66loftyhooligan92bwsmall
color_warehouse_1,250,aaa111lmz66loftyhooligan92bwlarge
color_warehouse_1,103,aaa111crw06homericsealion93originalmedium
color_warehouse_1,981,aaa111crw06homericsealion93originalsmall
color_warehouse_1,130,aaa111crw06homericsealion93originallarge
color_warehouse_1,857,aaa111crw06homericsealion93invmedium
color_warehouse_1,470,aaa111crw06homericsealion93invsmall
color_warehouse_1,665,aaa111crw06homericsealion93invlarge
color_warehouse_1,326,aaa111crw06homericsealion93wbmedium
color_warehouse_1,400,aaa111crw06homericsealion93wbsmall
color_warehouse_1,639,aaa111crw06homericsealion93wblarge
color_warehouse_1,701,aaa111crw06homericsealion93bwmedium
color_warehouse_1,262,aaa111crw06homericsealion93bwsmall
color_warehouse_1,218,aaa111crw06homericsealion93bwlarge
color_warehouse_1,841,aaa111xew84loftydogbowl94originalmedium
color_warehouse_1,14,aaa111xew84loftydogbowl94originalsmall
color_warehouse_1,961,aaa111xew84loftydogbowl94originallarge
color_warehouse_1,193,aaa111xew84loftydogbowl94invmedium
color_warehouse_1,950,aaa111xew84loftydogbowl94invsmall
color_warehouse_1,567,aaa111xew84loftydogbowl94invlarge
color_warehouse_1,956,aaa111xew84loftydogbowl94wbmedium
color_warehouse_1,381,aaa111xew84loftydogbowl94wbsmall
color_warehouse_1,940,aaa111xew84loftydogbowl94wblarge
color_warehouse_1,148,aaa111xew84loftydogbowl94bwmedium
color_warehouse_1,169,aaa111xew84loftydogbowl94bwsmall
color_warehouse_1,169,aaa111xew84loftydogbowl94bwlarge
color_warehouse_1,86,aaa111xrf56vastdirector95originalmedium
color_warehouse_1,316,aaa111xrf56vastdirector95originalsmall
color_warehouse_1,988,aaa111xrf56vastdirector95originallarge
color_warehouse_1,812,aaa111xrf56vastdirector95invmedium
color_warehouse_1,176,aaa111xrf56vastdirector95invsmall
color_warehouse_1,466,aaa111xrf56vastdirector95invlarge
color_warehouse_1,747,aaa111xrf56vastdirector95wbmedium
color_warehouse_1,246,aaa111xrf56vastdirector95wbsmall
color_warehouse_1,854,aaa111xrf56vastdirector95wblarge
color_warehouse_1,763,aaa111xrf56vastdirector95bwmedium
color_warehouse_1,280,aaa111xrf56vastdirector95bwsmall
color_warehouse_1,908,aaa111xrf56vastdirector95bwlarge
color_warehouse_1,57,aaa111rbw30herculeandirector96originalmedium
color_warehouse_1,912,aaa111rbw30herculeandirector96originalsmall
color_warehouse_1,791,aaa111rbw30herculeandirector96originallarge
color_warehouse_1,441,aaa111rbw30herculeandirector96invmedium
color_warehouse_1,146,aaa111rbw30herculeandirector96invsmall
color_warehouse_1,184,aaa111rbw30herculeandirector96invlarge
color_warehouse_1,151,aaa111rbw30herculeandirector96wbmedium
color_warehouse_1,185,aaa111rbw30herculeandirector96wbsmall
color_warehouse_1,394,aaa111rbw30herculeandirector96wblarge
color_warehouse_1,455,aaa111rbw30herculeandirector96bwmedium
color_warehouse_1,593,aaa111rbw30herculeandirector96bwsmall
color_warehouse_1,235,aaa111rbw30herculeandirector96bwlarge
color_warehouse_1,130,aaa111cpx34homericrestroom97originalmedium
color_warehouse_1,13,aaa111cpx34homericrestroom97originalsmall
color_warehouse_1,900,aaa111cpx34homericrestroom97originallarge
color_warehouse_1,691,aaa111cpx34homericrestroom97invmedium
color_warehouse_1,347,aaa111cpx34homericrestroom97invsmall
color_warehouse_1,65,aaa111cpx34homericrestroom97invlarge
color_warehouse_1,881,aaa111cpx34homericrestroom97wbmedium
color_warehouse_1,174,aaa111cpx34homericrestroom97wbsmall
color_warehouse_1,974,aaa111cpx34homericrestroom97wblarge
color_warehouse_1,700,aaa111cpx34homericrestroom97bwmedium
color_warehouse_1,622,aaa111cpx34homericrestroom97bwsmall
color_warehouse_1,161,aaa111cpx34homericrestroom97bwlarge
color_warehouse_1,57,aaa111poj67herculeankeepsake98originalmedium
color_warehouse_1,155,aaa111poj67herculeankeepsake98originalsmall
color_warehouse_1,905,aaa111poj67herculeankeepsake98originallarge
color_warehouse_1,15,aaa111poj67herculeankeepsake98invmedium
color_warehouse_1,163,aaa111poj67herculeankeepsake98invsmall
color_warehouse_1,317,aaa111poj67herculeankeepsake98invlarge
color_warehouse_1,456,aaa111poj67herculeankeepsake98wbmedium
color_warehouse_1,422,aaa111poj67herculeankeepsake98wbsmall
color_warehouse_1,716,aaa111poj67herculeankeepsake98wblarge
color_warehouse_1,517,aaa111poj67herculeankeepsake98bwmedium
color_warehouse_1,481,aaa111poj67herculeankeepsake98bwsmall
color_warehouse_1,249,aaa111poj67herculeankeepsake98bwlarge
color_warehouse_1,505,aaa111pmm30extravagantsealion99originalmedium
color_warehouse_1,551,aaa111pmm30extravagantsealion99originalsmall
color_warehouse_1,813,aaa111pmm30extravagantsealion99originallarge
color_warehouse_1,375,aaa111pmm30extravagantsealion99invmedium
color_warehouse_1,109,aaa111pmm30extravagantsealion99invsmall
color_warehouse_1,34,aaa111pmm30extravagantsealion99invlarge
color_warehouse_1,966,aaa111pmm30extravagantsealion99wbmedium
color_warehouse_1,28,aaa111pmm30extravagantsealion99wbsmall
color_warehouse_1,431,aaa111pmm30extravagantsealion99wblarge
color_warehouse_1,859,aaa111pmm30extravagantsealion99bwmedium
color_warehouse_1,89,aaa111pmm30extravagantsealion99bwsmall
color_warehouse_1,550,aaa111pmm30extravagantsealion99bwlarge
