categoryId,productId
simple,aaa111lsn67hugedwelling0
simple,aaa111lsn67hugedwelling0originalmedium
simple,aaa111lsn67hugedwelling0originalsmall
simple,aaa111lsn67hugedwelling0originallarge
simple,aaa111lsn67hugedwelling0invmedium
simple,aaa111lsn67hugedwelling0invsmall
simple,aaa111lsn67hugedwelling0invlarge
simple,aaa111lsn67hugedwelling0wbmedium
simple,aaa111lsn67hugedwelling0wbsmall
simple,aaa111lsn67hugedwelling0wblarge
simple,aaa111lsn67hugedwelling0bwmedium
simple,aaa111lsn67hugedwelling0bwsmall
simple,aaa111lsn67hugedwelling0bwlarge
simple,aaa111dpj26heroicairplane1
simple,aaa111dpj26heroicairplane1originalmedium
simple,aaa111dpj26heroicairplane1originalsmall
simple,aaa111dpj26heroicairplane1originallarge
simple,aaa111dpj26heroicairplane1invmedium
simple,aaa111dpj26heroicairplane1invsmall
simple,aaa111dpj26heroicairplane1invlarge
simple,aaa111dpj26heroicairplane1wbmedium
simple,aaa111dpj26heroicairplane1wbsmall
simple,aaa111dpj26heroicairplane1wblarge
simple,aaa111dpj26heroicairplane1bwmedium
simple,aaa111dpj26heroicairplane1bwsmall
simple,aaa111dpj26heroicairplane1bwlarge
simple,aaa111cpl29loftyevidence2
simple,aaa111cpl29loftyevidence2originalmedium
simple,aaa111cpl29loftyevidence2originalsmall
simple,aaa111cpl29loftyevidence2originallarge
simple,aaa111cpl29loftyevidence2invmedium
simple,aaa111cpl29loftyevidence2invsmall
simple,aaa111cpl29loftyevidence2invlarge
simple,aaa111cpl29loftyevidence2wbmedium
simple,aaa111cpl29loftyevidence2wbsmall
simple,aaa111cpl29loftyevidence2wblarge
simple,aaa111cpl29loftyevidence2bwmedium
simple,aaa111cpl29loftyevidence2bwsmall
simple,aaa111cpl29loftyevidence2bwlarge
simple,aaa111fyw07herculeanmushroom3
simple,aaa111fyw07herculeanmushroom3originalmedium
simple,aaa111fyw07herculeanmushroom3originalsmall
simple,aaa111fyw07herculeanmushroom3originallarge
simple,aaa111fyw07herculeanmushroom3invmedium
simple,aaa111fyw07herculeanmushroom3invsmall
simple,aaa111fyw07herculeanmushroom3invlarge
simple,aaa111fyw07herculeanmushroom3wbmedium
simple,aaa111fyw07herculeanmushroom3wbsmall
simple,aaa111fyw07herculeanmushroom3wblarge
simple,aaa111fyw07herculeanmushroom3bwmedium
simple,aaa111fyw07herculeanmushroom3bwsmall
simple,aaa111fyw07herculeanmushroom3bwlarge
simple,aaa111cfk64extraordinaryhooligan4
simple,aaa111cfk64extraordinaryhooligan4originalmedium
simple,aaa111cfk64extraordinaryhooligan4originalsmall
simple,aaa111cfk64extraordinaryhooligan4originallarge
simple,aaa111cfk64extraordinaryhooligan4invmedium
simple,aaa111cfk64extraordinaryhooligan4invsmall
simple,aaa111cfk64extraordinaryhooligan4invlarge
simple,aaa111cfk64extraordinaryhooligan4wbmedium
simple,aaa111cfk64extraordinaryhooligan4wbsmall
simple,aaa111cfk64extraordinaryhooligan4wblarge
simple,aaa111cfk64extraordinaryhooligan4bwmedium
simple,aaa111cfk64extraordinaryhooligan4bwsmall
simple,aaa111cfk64extraordinaryhooligan4bwlarge
simple,aaa111nsn43homericdirector5
simple,aaa111nsn43homericdirector5originalmedium
simple,aaa111nsn43homericdirector5originalsmall
simple,aaa111nsn43homericdirector5originallarge
simple,aaa111nsn43homericdirector5invmedium
simple,aaa111nsn43homericdirector5invsmall
simple,aaa111nsn43homericdirector5invlarge
simple,aaa111nsn43homericdirector5wbmedium
simple,aaa111nsn43homericdirector5wbsmall
simple,aaa111nsn43homericdirector5wblarge
simple,aaa111nsn43homericdirector5bwmedium
simple,aaa111nsn43homericdirector5bwsmall
simple,aaa111nsn43homericdirector5bwlarge
simple,aaa111kjn79miltonianbathroom6
simple,aaa111kjn79miltonianbathroom6originalmedium
simple,aaa111kjn79miltonianbathroom6originalsmall
simple,aaa111kjn79miltonianbathroom6originallarge
simple,aaa111kjn79miltonianbathroom6invmedium
simple,aaa111kjn79miltonianbathroom6invsmall
simple,aaa111kjn79miltonianbathroom6invlarge
simple,aaa111kjn79miltonianbathroom6wbmedium
simple,aaa111kjn79miltonianbathroom6wbsmall
simple,aaa111kjn79miltonianbathroom6wblarge
simple,aaa111kjn79miltonianbathroom6bwmedium
simple,aaa111kjn79miltonianbathroom6bwsmall
simple,aaa111kjn79miltonianbathroom6bwlarge
simple,aaa111ecb75loftybathroom7
simple,aaa111ecb75loftybathroom7originalmedium
simple,aaa111ecb75loftybathroom7originalsmall
simple,aaa111ecb75loftybathroom7originallarge
simple,aaa111ecb75loftybathroom7invmedium
simple,aaa111ecb75loftybathroom7invsmall
simple,aaa111ecb75loftybathroom7invlarge
simple,aaa111ecb75loftybathroom7wbmedium
simple,aaa111ecb75loftybathroom7wbsmall
simple,aaa111ecb75loftybathroom7wblarge
simple,aaa111ecb75loftybathroom7bwmedium
simple,aaa111ecb75loftybathroom7bwsmall
simple,aaa111ecb75loftybathroom7bwlarge
simple,aaa111mgz39herculeannailgun8
simple,aaa111mgz39herculeannailgun8originalmedium
simple,aaa111mgz39herculeannailgun8originalsmall
simple,aaa111mgz39herculeannailgun8originallarge
simple,aaa111mgz39herculeannailgun8invmedium
simple,aaa111mgz39herculeannailgun8invsmall
simple,aaa111mgz39herculeannailgun8invlarge
simple,aaa111mgz39herculeannailgun8wbmedium
simple,aaa111mgz39herculeannailgun8wbsmall
simple,aaa111mgz39herculeannailgun8wblarge
simple,aaa111mgz39herculeannailgun8bwmedium
simple,aaa111mgz39herculeannailgun8bwsmall
simple,aaa111mgz39herculeannailgun8bwlarge
simple,aaa111owx96arduousrestroom9
simple,aaa111owx96arduousrestroom9originalmedium
simple,aaa111owx96arduousrestroom9originalsmall
simple,aaa111owx96arduousrestroom9originallarge
simple,aaa111owx96arduousrestroom9invmedium
simple,aaa111owx96arduousrestroom9invsmall
simple,aaa111owx96arduousrestroom9invlarge
simple,aaa111owx96arduousrestroom9wbmedium
simple,aaa111owx96arduousrestroom9wbsmall
simple,aaa111owx96arduousrestroom9wblarge
simple,aaa111owx96arduousrestroom9bwmedium
simple,aaa111owx96arduousrestroom9bwsmall
simple,aaa111owx96arduousrestroom9bwlarge
simple,aaa111thf73grandpreacher10
simple,aaa111thf73grandpreacher10originalmedium
simple,aaa111thf73grandpreacher10originalsmall
simple,aaa111thf73grandpreacher10originallarge
simple,aaa111thf73grandpreacher10invmedium
simple,aaa111thf73grandpreacher10invsmall
simple,aaa111thf73grandpreacher10invlarge
simple,aaa111thf73grandpreacher10wbmedium
simple,aaa111thf73grandpreacher10wbsmall
simple,aaa111thf73grandpreacher10wblarge
simple,aaa111thf73grandpreacher10bwmedium
simple,aaa111thf73grandpreacher10bwsmall
simple,aaa111thf73grandpreacher10bwlarge
simple,aaa111bhp17miltoniandwelling11
simple,aaa111bhp17miltoniandwelling11originalmedium
simple,aaa111bhp17miltoniandwelling11originalsmall
simple,aaa111bhp17miltoniandwelling11originallarge
simple,aaa111bhp17miltoniandwelling11invmedium
simple,aaa111bhp17miltoniandwelling11invsmall
simple,aaa111bhp17miltoniandwelling11invlarge
simple,aaa111bhp17miltoniandwelling11wbmedium
simple,aaa111bhp17miltoniandwelling11wbsmall
simple,aaa111bhp17miltoniandwelling11wblarge
simple,aaa111bhp17miltoniandwelling11bwmedium
simple,aaa111bhp17miltoniandwelling11bwsmall
simple,aaa111bhp17miltoniandwelling11bwlarge
simple,aaa111rfv01extravagantkeepsake12
simple,aaa111rfv01extravagantkeepsake12originalmedium
simple,aaa111rfv01extravagantkeepsake12originalsmall
simple,aaa111rfv01extravagantkeepsake12originallarge
simple,aaa111rfv01extravagantkeepsake12invmedium
simple,aaa111rfv01extravagantkeepsake12invsmall
simple,aaa111rfv01extravagantkeepsake12invlarge
simple,aaa111rfv01extravagantkeepsake12wbmedium
simple,aaa111rfv01extravagantkeepsake12wbsmall
simple,aaa111rfv01extravagantkeepsake12wblarge
simple,aaa111rfv01extravagantkeepsake12bwmedium
simple,aaa111rfv01extravagantkeepsake12bwsmall
simple,aaa111rfv01extravagantkeepsake12bwlarge
simple,aaa111fwh17extravagantevidence13
simple,aaa111fwh17extravagantevidence13originalmedium
simple,aaa111fwh17extravagantevidence13originalsmall
simple,aaa111fwh17extravagantevidence13originallarge
simple,aaa111fwh17extravagantevidence13invmedium
simple,aaa111fwh17extravagantevidence13invsmall
simple,aaa111fwh17extravagantevidence13invlarge
simple,aaa111fwh17extravagantevidence13wbmedium
simple,aaa111fwh17extravagantevidence13wbsmall
simple,aaa111fwh17extravagantevidence13wblarge
simple,aaa111fwh17extravagantevidence13bwmedium
simple,aaa111fwh17extravagantevidence13bwsmall
simple,aaa111fwh17extravagantevidence13bwlarge
simple,aaa111xgx25extraordinarymushroom14
simple,aaa111xgx25extraordinarymushroom14originalmedium
simple,aaa111xgx25extraordinarymushroom14originalsmall
simple,aaa111xgx25extraordinarymushroom14originallarge
simple,aaa111xgx25extraordinarymushroom14invmedium
simple,aaa111xgx25extraordinarymushroom14invsmall
simple,aaa111xgx25extraordinarymushroom14invlarge
simple,aaa111xgx25extraordinarymushroom14wbmedium
simple,aaa111xgx25extraordinarymushroom14wbsmall
simple,aaa111xgx25extraordinarymushroom14wblarge
simple,aaa111xgx25extraordinarymushroom14bwmedium
simple,aaa111xgx25extraordinarymushroom14bwsmall
simple,aaa111xgx25extraordinarymushroom14bwlarge
simple,aaa111nzm93vastcriminal15
simple,aaa111nzm93vastcriminal15originalmedium
simple,aaa111nzm93vastcriminal15originalsmall
simple,aaa111nzm93vastcriminal15originallarge
simple,aaa111nzm93vastcriminal15invmedium
simple,aaa111nzm93vastcriminal15invsmall
simple,aaa111nzm93vastcriminal15invlarge
simple,aaa111nzm93vastcriminal15wbmedium
simple,aaa111nzm93vastcriminal15wbsmall
simple,aaa111nzm93vastcriminal15wblarge
simple,aaa111nzm93vastcriminal15bwmedium
simple,aaa111nzm93vastcriminal15bwsmall
simple,aaa111nzm93vastcriminal15bwlarge
simple,aaa111kxf58ambitiousbirthday16
simple,aaa111kxf58ambitiousbirthday16originalmedium
simple,aaa111kxf58ambitiousbirthday16originalsmall
simple,aaa111kxf58ambitiousbirthday16originallarge
simple,aaa111kxf58ambitiousbirthday16invmedium
simple,aaa111kxf58ambitiousbirthday16invsmall
simple,aaa111kxf58ambitiousbirthday16invlarge
simple,aaa111kxf58ambitiousbirthday16wbmedium
simple,aaa111kxf58ambitiousbirthday16wbsmall
simple,aaa111kxf58ambitiousbirthday16wblarge
simple,aaa111kxf58ambitiousbirthday16bwmedium
simple,aaa111kxf58ambitiousbirthday16bwsmall
simple,aaa111kxf58ambitiousbirthday16bwlarge
simple,aaa111jsp65vastairplane17
simple,aaa111jsp65vastairplane17originalmedium
simple,aaa111jsp65vastairplane17originalsmall
simple,aaa111jsp65vastairplane17originallarge
simple,aaa111jsp65vastairplane17invmedium
simple,aaa111jsp65vastairplane17invsmall
simple,aaa111jsp65vastairplane17invlarge
simple,aaa111jsp65vastairplane17wbmedium
simple,aaa111jsp65vastairplane17wbsmall
simple,aaa111jsp65vastairplane17wblarge
simple,aaa111jsp65vastairplane17bwmedium
simple,aaa111jsp65vastairplane17bwsmall
simple,aaa111jsp65vastairplane17bwlarge
simple,aaa111rbz08vastcriminal18
simple,aaa111rbz08vastcriminal18originalmedium
simple,aaa111rbz08vastcriminal18originalsmall
simple,aaa111rbz08vastcriminal18originallarge
simple,aaa111rbz08vastcriminal18invmedium
simple,aaa111rbz08vastcriminal18invsmall
simple,aaa111rbz08vastcriminal18invlarge
simple,aaa111rbz08vastcriminal18wbmedium
simple,aaa111rbz08vastcriminal18wbsmall
simple,aaa111rbz08vastcriminal18wblarge
simple,aaa111rbz08vastcriminal18bwmedium
simple,aaa111rbz08vastcriminal18bwsmall
simple,aaa111rbz08vastcriminal18bwlarge
simple,aaa111mam03herculeanearring19
simple,aaa111mam03herculeanearring19originalmedium
simple,aaa111mam03herculeanearring19originalsmall
simple,aaa111mam03herculeanearring19originallarge
simple,aaa111mam03herculeanearring19invmedium
simple,aaa111mam03herculeanearring19invsmall
simple,aaa111mam03herculeanearring19invlarge
simple,aaa111mam03herculeanearring19wbmedium
simple,aaa111mam03herculeanearring19wbsmall
simple,aaa111mam03herculeanearring19wblarge
simple,aaa111mam03herculeanearring19bwmedium
simple,aaa111mam03herculeanearring19bwsmall
simple,aaa111mam03herculeanearring19bwlarge
simple,aaa111fvf91vastrestroom20
simple,aaa111fvf91vastrestroom20originalmedium
simple,aaa111fvf91vastrestroom20originalsmall
simple,aaa111fvf91vastrestroom20originallarge
simple,aaa111fvf91vastrestroom20invmedium
simple,aaa111fvf91vastrestroom20invsmall
simple,aaa111fvf91vastrestroom20invlarge
simple,aaa111fvf91vastrestroom20wbmedium
simple,aaa111fvf91vastrestroom20wbsmall
simple,aaa111fvf91vastrestroom20wblarge
simple,aaa111fvf91vastrestroom20bwmedium
simple,aaa111fvf91vastrestroom20bwsmall
simple,aaa111fvf91vastrestroom20bwlarge
simple,aaa111xvh92homericmidnight21
simple,aaa111xvh92homericmidnight21originalmedium
simple,aaa111xvh92homericmidnight21originalsmall
simple,aaa111xvh92homericmidnight21originallarge
simple,aaa111xvh92homericmidnight21invmedium
simple,aaa111xvh92homericmidnight21invsmall
simple,aaa111xvh92homericmidnight21invlarge
simple,aaa111xvh92homericmidnight21wbmedium
simple,aaa111xvh92homericmidnight21wbsmall
simple,aaa111xvh92homericmidnight21wblarge
simple,aaa111xvh92homericmidnight21bwmedium
simple,aaa111xvh92homericmidnight21bwsmall
simple,aaa111xvh92homericmidnight21bwlarge
simple,aaa111gzy08grandiloquentkeepsake22
simple,aaa111gzy08grandiloquentkeepsake22originalmedium
simple,aaa111gzy08grandiloquentkeepsake22originalsmall
simple,aaa111gzy08grandiloquentkeepsake22originallarge
simple,aaa111gzy08grandiloquentkeepsake22invmedium
simple,aaa111gzy08grandiloquentkeepsake22invsmall
simple,aaa111gzy08grandiloquentkeepsake22invlarge
simple,aaa111gzy08grandiloquentkeepsake22wbmedium
simple,aaa111gzy08grandiloquentkeepsake22wbsmall
simple,aaa111gzy08grandiloquentkeepsake22wblarge
simple,aaa111gzy08grandiloquentkeepsake22bwmedium
simple,aaa111gzy08grandiloquentkeepsake22bwsmall
simple,aaa111gzy08grandiloquentkeepsake22bwlarge
simple,aaa111bgl13vastrattail23
simple,aaa111bgl13vastrattail23originalmedium
simple,aaa111bgl13vastrattail23originalsmall
simple,aaa111bgl13vastrattail23originallarge
simple,aaa111bgl13vastrattail23invmedium
simple,aaa111bgl13vastrattail23invsmall
simple,aaa111bgl13vastrattail23invlarge
simple,aaa111bgl13vastrattail23wbmedium
simple,aaa111bgl13vastrattail23wbsmall
simple,aaa111bgl13vastrattail23wblarge
simple,aaa111bgl13vastrattail23bwmedium
simple,aaa111bgl13vastrattail23bwsmall
simple,aaa111bgl13vastrattail23bwlarge
simple,aaa111loz72grandwashroom24
simple,aaa111loz72grandwashroom24originalmedium
simple,aaa111loz72grandwashroom24originalsmall
simple,aaa111loz72grandwashroom24originallarge
simple,aaa111loz72grandwashroom24invmedium
simple,aaa111loz72grandwashroom24invsmall
simple,aaa111loz72grandwashroom24invlarge
simple,aaa111loz72grandwashroom24wbmedium
simple,aaa111loz72grandwashroom24wbsmall
simple,aaa111loz72grandwashroom24wblarge
simple,aaa111loz72grandwashroom24bwmedium
simple,aaa111loz72grandwashroom24bwsmall
simple,aaa111loz72grandwashroom24bwlarge
simple,aaa111zbr91grandiloquentpreacher25
simple,aaa111zbr91grandiloquentpreacher25originalmedium
simple,aaa111zbr91grandiloquentpreacher25originalsmall
simple,aaa111zbr91grandiloquentpreacher25originallarge
simple,aaa111zbr91grandiloquentpreacher25invmedium
simple,aaa111zbr91grandiloquentpreacher25invsmall
simple,aaa111zbr91grandiloquentpreacher25invlarge
simple,aaa111zbr91grandiloquentpreacher25wbmedium
simple,aaa111zbr91grandiloquentpreacher25wbsmall
simple,aaa111zbr91grandiloquentpreacher25wblarge
simple,aaa111zbr91grandiloquentpreacher25bwmedium
simple,aaa111zbr91grandiloquentpreacher25bwsmall
simple,aaa111zbr91grandiloquentpreacher25bwlarge
simple,aaa111txg14vasthooligan26
simple,aaa111txg14vasthooligan26originalmedium
simple,aaa111txg14vasthooligan26originalsmall
simple,aaa111txg14vasthooligan26originallarge
simple,aaa111txg14vasthooligan26invmedium
simple,aaa111txg14vasthooligan26invsmall
simple,aaa111txg14vasthooligan26invlarge
simple,aaa111txg14vasthooligan26wbmedium
simple,aaa111txg14vasthooligan26wbsmall
simple,aaa111txg14vasthooligan26wblarge
simple,aaa111txg14vasthooligan26bwmedium
simple,aaa111txg14vasthooligan26bwsmall
simple,aaa111txg14vasthooligan26bwlarge
simple,aaa111dad79vastsealion27
simple,aaa111dad79vastsealion27originalmedium
simple,aaa111dad79vastsealion27originalsmall
simple,aaa111dad79vastsealion27originallarge
simple,aaa111dad79vastsealion27invmedium
simple,aaa111dad79vastsealion27invsmall
simple,aaa111dad79vastsealion27invlarge
simple,aaa111dad79vastsealion27wbmedium
simple,aaa111dad79vastsealion27wbsmall
simple,aaa111dad79vastsealion27wblarge
simple,aaa111dad79vastsealion27bwmedium
simple,aaa111dad79vastsealion27bwsmall
simple,aaa111dad79vastsealion27bwlarge
simple,aaa111oyx57ambitiousbathroom28
simple,aaa111oyx57ambitiousbathroom28originalmedium
simple,aaa111oyx57ambitiousbathroom28originalsmall
simple,aaa111oyx57ambitiousbathroom28originallarge
simple,aaa111oyx57ambitiousbathroom28invmedium
simple,aaa111oyx57ambitiousbathroom28invsmall
simple,aaa111oyx57ambitiousbathroom28invlarge
simple,aaa111oyx57ambitiousbathroom28wbmedium
simple,aaa111oyx57ambitiousbathroom28wbsmall
simple,aaa111oyx57ambitiousbathroom28wblarge
simple,aaa111oyx57ambitiousbathroom28bwmedium
simple,aaa111oyx57ambitiousbathroom28bwsmall
simple,aaa111oyx57ambitiousbathroom28bwlarge
simple,aaa111ebm36vastbirthday29
simple,aaa111ebm36vastbirthday29originalmedium
simple,aaa111ebm36vastbirthday29originalsmall
simple,aaa111ebm36vastbirthday29originallarge
simple,aaa111ebm36vastbirthday29invmedium
simple,aaa111ebm36vastbirthday29invsmall
simple,aaa111ebm36vastbirthday29invlarge
simple,aaa111ebm36vastbirthday29wbmedium
simple,aaa111ebm36vastbirthday29wbsmall
simple,aaa111ebm36vastbirthday29wblarge
simple,aaa111ebm36vastbirthday29bwmedium
simple,aaa111ebm36vastbirthday29bwsmall
simple,aaa111ebm36vastbirthday29bwlarge
simple,aaa111vnq81ambitiousbathroom30
simple,aaa111vnq81ambitiousbathroom30originalmedium
simple,aaa111vnq81ambitiousbathroom30originalsmall
simple,aaa111vnq81ambitiousbathroom30originallarge
simple,aaa111vnq81ambitiousbathroom30invmedium
simple,aaa111vnq81ambitiousbathroom30invsmall
simple,aaa111vnq81ambitiousbathroom30invlarge
simple,aaa111vnq81ambitiousbathroom30wbmedium
simple,aaa111vnq81ambitiousbathroom30wbsmall
simple,aaa111vnq81ambitiousbathroom30wblarge
simple,aaa111vnq81ambitiousbathroom30bwmedium
simple,aaa111vnq81ambitiousbathroom30bwsmall
simple,aaa111vnq81ambitiousbathroom30bwlarge
simple,aaa111ulg23grandkeepsake31
simple,aaa111ulg23grandkeepsake31originalmedium
simple,aaa111ulg23grandkeepsake31originalsmall
simple,aaa111ulg23grandkeepsake31originallarge
simple,aaa111ulg23grandkeepsake31invmedium
simple,aaa111ulg23grandkeepsake31invsmall
simple,aaa111ulg23grandkeepsake31invlarge
simple,aaa111ulg23grandkeepsake31wbmedium
simple,aaa111ulg23grandkeepsake31wbsmall
simple,aaa111ulg23grandkeepsake31wblarge
simple,aaa111ulg23grandkeepsake31bwmedium
simple,aaa111ulg23grandkeepsake31bwsmall
simple,aaa111ulg23grandkeepsake31bwlarge
simple,aaa111pwd22homerickeepsake32
simple,aaa111pwd22homerickeepsake32originalmedium
simple,aaa111pwd22homerickeepsake32originalsmall
simple,aaa111pwd22homerickeepsake32originallarge
simple,aaa111pwd22homerickeepsake32invmedium
simple,aaa111pwd22homerickeepsake32invsmall
simple,aaa111pwd22homerickeepsake32invlarge
simple,aaa111pwd22homerickeepsake32wbmedium
simple,aaa111pwd22homerickeepsake32wbsmall
simple,aaa111pwd22homerickeepsake32wblarge
simple,aaa111pwd22homerickeepsake32bwmedium
simple,aaa111pwd22homerickeepsake32bwsmall
simple,aaa111pwd22homerickeepsake32bwlarge
simple,aaa111rlv27ambitioussodapop33
simple,aaa111rlv27ambitioussodapop33originalmedium
simple,aaa111rlv27ambitioussodapop33originalsmall
simple,aaa111rlv27ambitioussodapop33originallarge
simple,aaa111rlv27ambitioussodapop33invmedium
simple,aaa111rlv27ambitioussodapop33invsmall
simple,aaa111rlv27ambitioussodapop33invlarge
simple,aaa111rlv27ambitioussodapop33wbmedium
simple,aaa111rlv27ambitioussodapop33wbsmall
simple,aaa111rlv27ambitioussodapop33wblarge
simple,aaa111rlv27ambitioussodapop33bwmedium
simple,aaa111rlv27ambitioussodapop33bwsmall
simple,aaa111rlv27ambitioussodapop33bwlarge
simple,aaa111pml60grandiloquentdriveway34
simple,aaa111pml60grandiloquentdriveway34originalmedium
simple,aaa111pml60grandiloquentdriveway34originalsmall
simple,aaa111pml60grandiloquentdriveway34originallarge
simple,aaa111pml60grandiloquentdriveway34invmedium
simple,aaa111pml60grandiloquentdriveway34invsmall
simple,aaa111pml60grandiloquentdriveway34invlarge
simple,aaa111pml60grandiloquentdriveway34wbmedium
simple,aaa111pml60grandiloquentdriveway34wbsmall
simple,aaa111pml60grandiloquentdriveway34wblarge
simple,aaa111pml60grandiloquentdriveway34bwmedium
simple,aaa111pml60grandiloquentdriveway34bwsmall
simple,aaa111pml60grandiloquentdriveway34bwlarge
simple,aaa111byn06heroicbathroom35
simple,aaa111byn06heroicbathroom35originalmedium
simple,aaa111byn06heroicbathroom35originalsmall
simple,aaa111byn06heroicbathroom35originallarge
simple,aaa111byn06heroicbathroom35invmedium
simple,aaa111byn06heroicbathroom35invsmall
simple,aaa111byn06heroicbathroom35invlarge
simple,aaa111byn06heroicbathroom35wbmedium
simple,aaa111byn06heroicbathroom35wbsmall
simple,aaa111byn06heroicbathroom35wblarge
simple,aaa111byn06heroicbathroom35bwmedium
simple,aaa111byn06heroicbathroom35bwsmall
simple,aaa111byn06heroicbathroom35bwlarge
simple,aaa111yvs02grandiloquentdwelling36
simple,aaa111yvs02grandiloquentdwelling36originalmedium
simple,aaa111yvs02grandiloquentdwelling36originalsmall
simple,aaa111yvs02grandiloquentdwelling36originallarge
simple,aaa111yvs02grandiloquentdwelling36invmedium
simple,aaa111yvs02grandiloquentdwelling36invsmall
simple,aaa111yvs02grandiloquentdwelling36invlarge
simple,aaa111yvs02grandiloquentdwelling36wbmedium
simple,aaa111yvs02grandiloquentdwelling36wbsmall
simple,aaa111yvs02grandiloquentdwelling36wblarge
simple,aaa111yvs02grandiloquentdwelling36bwmedium
simple,aaa111yvs02grandiloquentdwelling36bwsmall
simple,aaa111yvs02grandiloquentdwelling36bwlarge
simple,aaa111pdb94vastdwelling37
simple,aaa111pdb94vastdwelling37originalmedium
simple,aaa111pdb94vastdwelling37originalsmall
simple,aaa111pdb94vastdwelling37originallarge
simple,aaa111pdb94vastdwelling37invmedium
simple,aaa111pdb94vastdwelling37invsmall
simple,aaa111pdb94vastdwelling37invlarge
simple,aaa111pdb94vastdwelling37wbmedium
simple,aaa111pdb94vastdwelling37wbsmall
simple,aaa111pdb94vastdwelling37wblarge
simple,aaa111pdb94vastdwelling37bwmedium
simple,aaa111pdb94vastdwelling37bwsmall
simple,aaa111pdb94vastdwelling37bwlarge
simple,aaa111evt80vastcaveman38
simple,aaa111evt80vastcaveman38originalmedium
simple,aaa111evt80vastcaveman38originalsmall
simple,aaa111evt80vastcaveman38originallarge
simple,aaa111evt80vastcaveman38invmedium
simple,aaa111evt80vastcaveman38invsmall
simple,aaa111evt80vastcaveman38invlarge
simple,aaa111evt80vastcaveman38wbmedium
simple,aaa111evt80vastcaveman38wbsmall
simple,aaa111evt80vastcaveman38wblarge
simple,aaa111evt80vastcaveman38bwmedium
simple,aaa111evt80vastcaveman38bwsmall
simple,aaa111evt80vastcaveman38bwlarge
simple,aaa111piy28grandiloquentcaveman39
simple,aaa111piy28grandiloquentcaveman39originalmedium
simple,aaa111piy28grandiloquentcaveman39originalsmall
simple,aaa111piy28grandiloquentcaveman39originallarge
simple,aaa111piy28grandiloquentcaveman39invmedium
simple,aaa111piy28grandiloquentcaveman39invsmall
simple,aaa111piy28grandiloquentcaveman39invlarge
simple,aaa111piy28grandiloquentcaveman39wbmedium
simple,aaa111piy28grandiloquentcaveman39wbsmall
simple,aaa111piy28grandiloquentcaveman39wblarge
simple,aaa111piy28grandiloquentcaveman39bwmedium
simple,aaa111piy28grandiloquentcaveman39bwsmall
simple,aaa111piy28grandiloquentcaveman39bwlarge
simple,aaa111oft79grandpreacher40
simple,aaa111oft79grandpreacher40originalmedium
simple,aaa111oft79grandpreacher40originalsmall
simple,aaa111oft79grandpreacher40originallarge
simple,aaa111oft79grandpreacher40invmedium
simple,aaa111oft79grandpreacher40invsmall
simple,aaa111oft79grandpreacher40invlarge
simple,aaa111oft79grandpreacher40wbmedium
simple,aaa111oft79grandpreacher40wbsmall
simple,aaa111oft79grandpreacher40wblarge
simple,aaa111oft79grandpreacher40bwmedium
simple,aaa111oft79grandpreacher40bwsmall
simple,aaa111oft79grandpreacher40bwlarge
simple,aaa111hvt89monumentalpreacher41
simple,aaa111hvt89monumentalpreacher41originalmedium
simple,aaa111hvt89monumentalpreacher41originalsmall
simple,aaa111hvt89monumentalpreacher41originallarge
simple,aaa111hvt89monumentalpreacher41invmedium
simple,aaa111hvt89monumentalpreacher41invsmall
simple,aaa111hvt89monumentalpreacher41invlarge
simple,aaa111hvt89monumentalpreacher41wbmedium
simple,aaa111hvt89monumentalpreacher41wbsmall
simple,aaa111hvt89monumentalpreacher41wblarge
simple,aaa111hvt89monumentalpreacher41bwmedium
simple,aaa111hvt89monumentalpreacher41bwsmall
simple,aaa111hvt89monumentalpreacher41bwlarge
simple,aaa111rym41grandwashroom42
simple,aaa111rym41grandwashroom42originalmedium
simple,aaa111rym41grandwashroom42originalsmall
simple,aaa111rym41grandwashroom42originallarge
simple,aaa111rym41grandwashroom42invmedium
simple,aaa111rym41grandwashroom42invsmall
simple,aaa111rym41grandwashroom42invlarge
simple,aaa111rym41grandwashroom42wbmedium
simple,aaa111rym41grandwashroom42wbsmall
simple,aaa111rym41grandwashroom42wblarge
simple,aaa111rym41grandwashroom42bwmedium
simple,aaa111rym41grandwashroom42bwsmall
simple,aaa111rym41grandwashroom42bwlarge
simple,aaa111hnv28heroicsealion43
simple,aaa111hnv28heroicsealion43originalmedium
simple,aaa111hnv28heroicsealion43originalsmall
simple,aaa111hnv28heroicsealion43originallarge
simple,aaa111hnv28heroicsealion43invmedium
simple,aaa111hnv28heroicsealion43invsmall
simple,aaa111hnv28heroicsealion43invlarge
simple,aaa111hnv28heroicsealion43wbmedium
simple,aaa111hnv28heroicsealion43wbsmall
simple,aaa111hnv28heroicsealion43wblarge
simple,aaa111hnv28heroicsealion43bwmedium
simple,aaa111hnv28heroicsealion43bwsmall
simple,aaa111hnv28heroicsealion43bwlarge
simple,aaa111eut03extraordinaryrailroad44
simple,aaa111eut03extraordinaryrailroad44originalmedium
simple,aaa111eut03extraordinaryrailroad44originalsmall
simple,aaa111eut03extraordinaryrailroad44originallarge
simple,aaa111eut03extraordinaryrailroad44invmedium
simple,aaa111eut03extraordinaryrailroad44invsmall
simple,aaa111eut03extraordinaryrailroad44invlarge
simple,aaa111eut03extraordinaryrailroad44wbmedium
simple,aaa111eut03extraordinaryrailroad44wbsmall
simple,aaa111eut03extraordinaryrailroad44wblarge
simple,aaa111eut03extraordinaryrailroad44bwmedium
simple,aaa111eut03extraordinaryrailroad44bwsmall
simple,aaa111eut03extraordinaryrailroad44bwlarge
simple,aaa111cxe23heroicbirthday45
simple,aaa111cxe23heroicbirthday45originalmedium
simple,aaa111cxe23heroicbirthday45originalsmall
simple,aaa111cxe23heroicbirthday45originallarge
simple,aaa111cxe23heroicbirthday45invmedium
simple,aaa111cxe23heroicbirthday45invsmall
simple,aaa111cxe23heroicbirthday45invlarge
simple,aaa111cxe23heroicbirthday45wbmedium
simple,aaa111cxe23heroicbirthday45wbsmall
simple,aaa111cxe23heroicbirthday45wblarge
simple,aaa111cxe23heroicbirthday45bwmedium
simple,aaa111cxe23heroicbirthday45bwsmall
simple,aaa111cxe23heroicbirthday45bwlarge
simple,aaa111rpf03vastcaveman46
simple,aaa111rpf03vastcaveman46originalmedium
simple,aaa111rpf03vastcaveman46originalsmall
simple,aaa111rpf03vastcaveman46originallarge
simple,aaa111rpf03vastcaveman46invmedium
simple,aaa111rpf03vastcaveman46invsmall
simple,aaa111rpf03vastcaveman46invlarge
simple,aaa111rpf03vastcaveman46wbmedium
simple,aaa111rpf03vastcaveman46wbsmall
simple,aaa111rpf03vastcaveman46wblarge
simple,aaa111rpf03vastcaveman46bwmedium
simple,aaa111rpf03vastcaveman46bwsmall
simple,aaa111rpf03vastcaveman46bwlarge
simple,aaa111giw80extravagantearring47
simple,aaa111giw80extravagantearring47originalmedium
simple,aaa111giw80extravagantearring47originalsmall
simple,aaa111giw80extravagantearring47originallarge
simple,aaa111giw80extravagantearring47invmedium
simple,aaa111giw80extravagantearring47invsmall
simple,aaa111giw80extravagantearring47invlarge
simple,aaa111giw80extravagantearring47wbmedium
simple,aaa111giw80extravagantearring47wbsmall
simple,aaa111giw80extravagantearring47wblarge
simple,aaa111giw80extravagantearring47bwmedium
simple,aaa111giw80extravagantearring47bwsmall
simple,aaa111giw80extravagantearring47bwlarge
simple,aaa111uvk38miltonianhooligan48
simple,aaa111uvk38miltonianhooligan48originalmedium
simple,aaa111uvk38miltonianhooligan48originalsmall
simple,aaa111uvk38miltonianhooligan48originallarge
simple,aaa111uvk38miltonianhooligan48invmedium
simple,aaa111uvk38miltonianhooligan48invsmall
simple,aaa111uvk38miltonianhooligan48invlarge
simple,aaa111uvk38miltonianhooligan48wbmedium
simple,aaa111uvk38miltonianhooligan48wbsmall
simple,aaa111uvk38miltonianhooligan48wblarge
simple,aaa111uvk38miltonianhooligan48bwmedium
simple,aaa111uvk38miltonianhooligan48bwsmall
simple,aaa111uvk38miltonianhooligan48bwlarge
simple,aaa111fvi13loftyrailroad49
simple,aaa111fvi13loftyrailroad49originalmedium
simple,aaa111fvi13loftyrailroad49originalsmall
simple,aaa111fvi13loftyrailroad49originallarge
simple,aaa111fvi13loftyrailroad49invmedium
simple,aaa111fvi13loftyrailroad49invsmall
simple,aaa111fvi13loftyrailroad49invlarge
simple,aaa111fvi13loftyrailroad49wbmedium
simple,aaa111fvi13loftyrailroad49wbsmall
simple,aaa111fvi13loftyrailroad49wblarge
simple,aaa111fvi13loftyrailroad49bwmedium
simple,aaa111fvi13loftyrailroad49bwsmall
simple,aaa111fvi13loftyrailroad49bwlarge
simple,aaa111lze84grandiloquentdogbowl50
simple,aaa111lze84grandiloquentdogbowl50originalmedium
simple,aaa111lze84grandiloquentdogbowl50originalsmall
simple,aaa111lze84grandiloquentdogbowl50originallarge
simple,aaa111lze84grandiloquentdogbowl50invmedium
simple,aaa111lze84grandiloquentdogbowl50invsmall
simple,aaa111lze84grandiloquentdogbowl50invlarge
simple,aaa111lze84grandiloquentdogbowl50wbmedium
simple,aaa111lze84grandiloquentdogbowl50wbsmall
simple,aaa111lze84grandiloquentdogbowl50wblarge
simple,aaa111lze84grandiloquentdogbowl50bwmedium
simple,aaa111lze84grandiloquentdogbowl50bwsmall
simple,aaa111lze84grandiloquentdogbowl50bwlarge
simple,aaa111iqr87miltoniancriminal51
simple,aaa111iqr87miltoniancriminal51originalmedium
simple,aaa111iqr87miltoniancriminal51originalsmall
simple,aaa111iqr87miltoniancriminal51originallarge
simple,aaa111iqr87miltoniancriminal51invmedium
simple,aaa111iqr87miltoniancriminal51invsmall
simple,aaa111iqr87miltoniancriminal51invlarge
simple,aaa111iqr87miltoniancriminal51wbmedium
simple,aaa111iqr87miltoniancriminal51wbsmall
simple,aaa111iqr87miltoniancriminal51wblarge
simple,aaa111iqr87miltoniancriminal51bwmedium
simple,aaa111iqr87miltoniancriminal51bwsmall
simple,aaa111iqr87miltoniancriminal51bwlarge
simple,aaa111two86hugepreacher52
simple,aaa111two86hugepreacher52originalmedium
simple,aaa111two86hugepreacher52originalsmall
simple,aaa111two86hugepreacher52originallarge
simple,aaa111two86hugepreacher52invmedium
simple,aaa111two86hugepreacher52invsmall
simple,aaa111two86hugepreacher52invlarge
simple,aaa111two86hugepreacher52wbmedium
simple,aaa111two86hugepreacher52wbsmall
simple,aaa111two86hugepreacher52wblarge
simple,aaa111two86hugepreacher52bwmedium
simple,aaa111two86hugepreacher52bwsmall
simple,aaa111two86hugepreacher52bwlarge
simple,aaa111hsv82heroicmushroom53
simple,aaa111hsv82heroicmushroom53originalmedium
simple,aaa111hsv82heroicmushroom53originalsmall
simple,aaa111hsv82heroicmushroom53originallarge
simple,aaa111hsv82heroicmushroom53invmedium
simple,aaa111hsv82heroicmushroom53invsmall
simple,aaa111hsv82heroicmushroom53invlarge
simple,aaa111hsv82heroicmushroom53wbmedium
simple,aaa111hsv82heroicmushroom53wbsmall
simple,aaa111hsv82heroicmushroom53wblarge
simple,aaa111hsv82heroicmushroom53bwmedium
simple,aaa111hsv82heroicmushroom53bwsmall
simple,aaa111hsv82heroicmushroom53bwlarge
simple,aaa111qwj07bombasticbirthday54
simple,aaa111qwj07bombasticbirthday54originalmedium
simple,aaa111qwj07bombasticbirthday54originalsmall
simple,aaa111qwj07bombasticbirthday54originallarge
simple,aaa111qwj07bombasticbirthday54invmedium
simple,aaa111qwj07bombasticbirthday54invsmall
simple,aaa111qwj07bombasticbirthday54invlarge
simple,aaa111qwj07bombasticbirthday54wbmedium
simple,aaa111qwj07bombasticbirthday54wbsmall
simple,aaa111qwj07bombasticbirthday54wblarge
simple,aaa111qwj07bombasticbirthday54bwmedium
simple,aaa111qwj07bombasticbirthday54bwsmall
simple,aaa111qwj07bombasticbirthday54bwlarge
simple,aaa111lrw46grandiloquentnailgun55
simple,aaa111lrw46grandiloquentnailgun55originalmedium
simple,aaa111lrw46grandiloquentnailgun55originalsmall
simple,aaa111lrw46grandiloquentnailgun55originallarge
simple,aaa111lrw46grandiloquentnailgun55invmedium
simple,aaa111lrw46grandiloquentnailgun55invsmall
simple,aaa111lrw46grandiloquentnailgun55invlarge
simple,aaa111lrw46grandiloquentnailgun55wbmedium
simple,aaa111lrw46grandiloquentnailgun55wbsmall
simple,aaa111lrw46grandiloquentnailgun55wblarge
simple,aaa111lrw46grandiloquentnailgun55bwmedium
simple,aaa111lrw46grandiloquentnailgun55bwsmall
simple,aaa111lrw46grandiloquentnailgun55bwlarge
simple,aaa111fpo74extraordinarykeepsake56
simple,aaa111fpo74extraordinarykeepsake56originalmedium
simple,aaa111fpo74extraordinarykeepsake56originalsmall
simple,aaa111fpo74extraordinarykeepsake56originallarge
simple,aaa111fpo74extraordinarykeepsake56invmedium
simple,aaa111fpo74extraordinarykeepsake56invsmall
simple,aaa111fpo74extraordinarykeepsake56invlarge
simple,aaa111fpo74extraordinarykeepsake56wbmedium
simple,aaa111fpo74extraordinarykeepsake56wbsmall
simple,aaa111fpo74extraordinarykeepsake56wblarge
simple,aaa111fpo74extraordinarykeepsake56bwmedium
simple,aaa111fpo74extraordinarykeepsake56bwsmall
simple,aaa111fpo74extraordinarykeepsake56bwlarge
simple,aaa111aql13miltoniannailgun57
simple,aaa111aql13miltoniannailgun57originalmedium
simple,aaa111aql13miltoniannailgun57originalsmall
simple,aaa111aql13miltoniannailgun57originallarge
simple,aaa111aql13miltoniannailgun57invmedium
simple,aaa111aql13miltoniannailgun57invsmall
simple,aaa111aql13miltoniannailgun57invlarge
simple,aaa111aql13miltoniannailgun57wbmedium
simple,aaa111aql13miltoniannailgun57wbsmall
simple,aaa111aql13miltoniannailgun57wblarge
simple,aaa111aql13miltoniannailgun57bwmedium
simple,aaa111aql13miltoniannailgun57bwsmall
simple,aaa111aql13miltoniannailgun57bwlarge
simple,aaa111yzo85hugeairplane58
simple,aaa111yzo85hugeairplane58originalmedium
simple,aaa111yzo85hugeairplane58originalsmall
simple,aaa111yzo85hugeairplane58originallarge
simple,aaa111yzo85hugeairplane58invmedium
simple,aaa111yzo85hugeairplane58invsmall
simple,aaa111yzo85hugeairplane58invlarge
simple,aaa111yzo85hugeairplane58wbmedium
simple,aaa111yzo85hugeairplane58wbsmall
simple,aaa111yzo85hugeairplane58wblarge
simple,aaa111yzo85hugeairplane58bwmedium
simple,aaa111yzo85hugeairplane58bwsmall
simple,aaa111yzo85hugeairplane58bwlarge
simple,aaa111yhn56loftyrailroad59
simple,aaa111yhn56loftyrailroad59originalmedium
simple,aaa111yhn56loftyrailroad59originalsmall
simple,aaa111yhn56loftyrailroad59originallarge
simple,aaa111yhn56loftyrailroad59invmedium
simple,aaa111yhn56loftyrailroad59invsmall
simple,aaa111yhn56loftyrailroad59invlarge
simple,aaa111yhn56loftyrailroad59wbmedium
simple,aaa111yhn56loftyrailroad59wbsmall
simple,aaa111yhn56loftyrailroad59wblarge
simple,aaa111yhn56loftyrailroad59bwmedium
simple,aaa111yhn56loftyrailroad59bwsmall
simple,aaa111yhn56loftyrailroad59bwlarge
simple,aaa111lku36grandcaveman60
simple,aaa111lku36grandcaveman60originalmedium
simple,aaa111lku36grandcaveman60originalsmall
simple,aaa111lku36grandcaveman60originallarge
simple,aaa111lku36grandcaveman60invmedium
simple,aaa111lku36grandcaveman60invsmall
simple,aaa111lku36grandcaveman60invlarge
simple,aaa111lku36grandcaveman60wbmedium
simple,aaa111lku36grandcaveman60wbsmall
simple,aaa111lku36grandcaveman60wblarge
simple,aaa111lku36grandcaveman60bwmedium
simple,aaa111lku36grandcaveman60bwsmall
simple,aaa111lku36grandcaveman60bwlarge
simple,aaa111ept36extravagantnailgun61
simple,aaa111ept36extravagantnailgun61originalmedium
simple,aaa111ept36extravagantnailgun61originalsmall
simple,aaa111ept36extravagantnailgun61originallarge
simple,aaa111ept36extravagantnailgun61invmedium
simple,aaa111ept36extravagantnailgun61invsmall
simple,aaa111ept36extravagantnailgun61invlarge
simple,aaa111ept36extravagantnailgun61wbmedium
simple,aaa111ept36extravagantnailgun61wbsmall
simple,aaa111ept36extravagantnailgun61wblarge
simple,aaa111ept36extravagantnailgun61bwmedium
simple,aaa111ept36extravagantnailgun61bwsmall
simple,aaa111ept36extravagantnailgun61bwlarge
simple,aaa111qme74heroicgangster62
simple,aaa111qme74heroicgangster62originalmedium
simple,aaa111qme74heroicgangster62originalsmall
simple,aaa111qme74heroicgangster62originallarge
simple,aaa111qme74heroicgangster62invmedium
simple,aaa111qme74heroicgangster62invsmall
simple,aaa111qme74heroicgangster62invlarge
simple,aaa111qme74heroicgangster62wbmedium
simple,aaa111qme74heroicgangster62wbsmall
simple,aaa111qme74heroicgangster62wblarge
simple,aaa111qme74heroicgangster62bwmedium
simple,aaa111qme74heroicgangster62bwsmall
simple,aaa111qme74heroicgangster62bwlarge
simple,aaa111tgl37homericsealion63
simple,aaa111tgl37homericsealion63originalmedium
simple,aaa111tgl37homericsealion63originalsmall
simple,aaa111tgl37homericsealion63originallarge
simple,aaa111tgl37homericsealion63invmedium
simple,aaa111tgl37homericsealion63invsmall
simple,aaa111tgl37homericsealion63invlarge
simple,aaa111tgl37homericsealion63wbmedium
simple,aaa111tgl37homericsealion63wbsmall
simple,aaa111tgl37homericsealion63wblarge
simple,aaa111tgl37homericsealion63bwmedium
simple,aaa111tgl37homericsealion63bwsmall
simple,aaa111tgl37homericsealion63bwlarge
simple,aaa111mlh83herculeanmushroom64
simple,aaa111mlh83herculeanmushroom64originalmedium
simple,aaa111mlh83herculeanmushroom64originalsmall
simple,aaa111mlh83herculeanmushroom64originallarge
simple,aaa111mlh83herculeanmushroom64invmedium
simple,aaa111mlh83herculeanmushroom64invsmall
simple,aaa111mlh83herculeanmushroom64invlarge
simple,aaa111mlh83herculeanmushroom64wbmedium
simple,aaa111mlh83herculeanmushroom64wbsmall
simple,aaa111mlh83herculeanmushroom64wblarge
simple,aaa111mlh83herculeanmushroom64bwmedium
simple,aaa111mlh83herculeanmushroom64bwsmall
simple,aaa111mlh83herculeanmushroom64bwlarge
simple,aaa111mps46bombasticdriveway65
simple,aaa111mps46bombasticdriveway65originalmedium
simple,aaa111mps46bombasticdriveway65originalsmall
simple,aaa111mps46bombasticdriveway65originallarge
simple,aaa111mps46bombasticdriveway65invmedium
simple,aaa111mps46bombasticdriveway65invsmall
simple,aaa111mps46bombasticdriveway65invlarge
simple,aaa111mps46bombasticdriveway65wbmedium
simple,aaa111mps46bombasticdriveway65wbsmall
simple,aaa111mps46bombasticdriveway65wblarge
simple,aaa111mps46bombasticdriveway65bwmedium
simple,aaa111mps46bombasticdriveway65bwsmall
simple,aaa111mps46bombasticdriveway65bwlarge
simple,aaa111isd27heroiccaveman66
simple,aaa111isd27heroiccaveman66originalmedium
simple,aaa111isd27heroiccaveman66originalsmall
simple,aaa111isd27heroiccaveman66originallarge
simple,aaa111isd27heroiccaveman66invmedium
simple,aaa111isd27heroiccaveman66invsmall
simple,aaa111isd27heroiccaveman66invlarge
simple,aaa111isd27heroiccaveman66wbmedium
simple,aaa111isd27heroiccaveman66wbsmall
simple,aaa111isd27heroiccaveman66wblarge
simple,aaa111isd27heroiccaveman66bwmedium
simple,aaa111isd27heroiccaveman66bwsmall
simple,aaa111isd27heroiccaveman66bwlarge
simple,aaa111qov97hugerestroom67
simple,aaa111qov97hugerestroom67originalmedium
simple,aaa111qov97hugerestroom67originalsmall
simple,aaa111qov97hugerestroom67originallarge
simple,aaa111qov97hugerestroom67invmedium
simple,aaa111qov97hugerestroom67invsmall
simple,aaa111qov97hugerestroom67invlarge
simple,aaa111qov97hugerestroom67wbmedium
simple,aaa111qov97hugerestroom67wbsmall
simple,aaa111qov97hugerestroom67wblarge
simple,aaa111qov97hugerestroom67bwmedium
simple,aaa111qov97hugerestroom67bwsmall
simple,aaa111qov97hugerestroom67bwlarge
simple,aaa111ngt48monumentalmidnight68
simple,aaa111ngt48monumentalmidnight68originalmedium
simple,aaa111ngt48monumentalmidnight68originalsmall
simple,aaa111ngt48monumentalmidnight68originallarge
simple,aaa111ngt48monumentalmidnight68invmedium
simple,aaa111ngt48monumentalmidnight68invsmall
simple,aaa111ngt48monumentalmidnight68invlarge
simple,aaa111ngt48monumentalmidnight68wbmedium
simple,aaa111ngt48monumentalmidnight68wbsmall
simple,aaa111ngt48monumentalmidnight68wblarge
simple,aaa111ngt48monumentalmidnight68bwmedium
simple,aaa111ngt48monumentalmidnight68bwsmall
simple,aaa111ngt48monumentalmidnight68bwlarge
simple,aaa111fii94monumentalsealion69
simple,aaa111fii94monumentalsealion69originalmedium
simple,aaa111fii94monumentalsealion69originalsmall
simple,aaa111fii94monumentalsealion69originallarge
simple,aaa111fii94monumentalsealion69invmedium
simple,aaa111fii94monumentalsealion69invsmall
simple,aaa111fii94monumentalsealion69invlarge
simple,aaa111fii94monumentalsealion69wbmedium
simple,aaa111fii94monumentalsealion69wbsmall
simple,aaa111fii94monumentalsealion69wblarge
simple,aaa111fii94monumentalsealion69bwmedium
simple,aaa111fii94monumentalsealion69bwsmall
simple,aaa111fii94monumentalsealion69bwlarge
simple,aaa111lgw94homericpreacher70
simple,aaa111lgw94homericpreacher70originalmedium
simple,aaa111lgw94homericpreacher70originalsmall
simple,aaa111lgw94homericpreacher70originallarge
simple,aaa111lgw94homericpreacher70invmedium
simple,aaa111lgw94homericpreacher70invsmall
simple,aaa111lgw94homericpreacher70invlarge
simple,aaa111lgw94homericpreacher70wbmedium
simple,aaa111lgw94homericpreacher70wbsmall
simple,aaa111lgw94homericpreacher70wblarge
simple,aaa111lgw94homericpreacher70bwmedium
simple,aaa111lgw94homericpreacher70bwsmall
simple,aaa111lgw94homericpreacher70bwlarge
simple,aaa111toe41arduousdriveway71
simple,aaa111toe41arduousdriveway71originalmedium
simple,aaa111toe41arduousdriveway71originalsmall
simple,aaa111toe41arduousdriveway71originallarge
simple,aaa111toe41arduousdriveway71invmedium
simple,aaa111toe41arduousdriveway71invsmall
simple,aaa111toe41arduousdriveway71invlarge
simple,aaa111toe41arduousdriveway71wbmedium
simple,aaa111toe41arduousdriveway71wbsmall
simple,aaa111toe41arduousdriveway71wblarge
simple,aaa111toe41arduousdriveway71bwmedium
simple,aaa111toe41arduousdriveway71bwsmall
simple,aaa111toe41arduousdriveway71bwlarge
simple,aaa111ogi80vastsealion72
simple,aaa111ogi80vastsealion72originalmedium
simple,aaa111ogi80vastsealion72originalsmall
simple,aaa111ogi80vastsealion72originallarge
simple,aaa111ogi80vastsealion72invmedium
simple,aaa111ogi80vastsealion72invsmall
simple,aaa111ogi80vastsealion72invlarge
simple,aaa111ogi80vastsealion72wbmedium
simple,aaa111ogi80vastsealion72wbsmall
simple,aaa111ogi80vastsealion72wblarge
simple,aaa111ogi80vastsealion72bwmedium
simple,aaa111ogi80vastsealion72bwsmall
simple,aaa111ogi80vastsealion72bwlarge
simple,aaa111mig47heroickeepsake73
simple,aaa111mig47heroickeepsake73originalmedium
simple,aaa111mig47heroickeepsake73originalsmall
simple,aaa111mig47heroickeepsake73originallarge
simple,aaa111mig47heroickeepsake73invmedium
simple,aaa111mig47heroickeepsake73invsmall
simple,aaa111mig47heroickeepsake73invlarge
simple,aaa111mig47heroickeepsake73wbmedium
simple,aaa111mig47heroickeepsake73wbsmall
simple,aaa111mig47heroickeepsake73wblarge
simple,aaa111mig47heroickeepsake73bwmedium
simple,aaa111mig47heroickeepsake73bwsmall
simple,aaa111mig47heroickeepsake73bwlarge
simple,aaa111nlp03ambitiousrestroom74
simple,aaa111nlp03ambitiousrestroom74originalmedium
simple,aaa111nlp03ambitiousrestroom74originalsmall
simple,aaa111nlp03ambitiousrestroom74originallarge
simple,aaa111nlp03ambitiousrestroom74invmedium
simple,aaa111nlp03ambitiousrestroom74invsmall
simple,aaa111nlp03ambitiousrestroom74invlarge
simple,aaa111nlp03ambitiousrestroom74wbmedium
simple,aaa111nlp03ambitiousrestroom74wbsmall
simple,aaa111nlp03ambitiousrestroom74wblarge
simple,aaa111nlp03ambitiousrestroom74bwmedium
simple,aaa111nlp03ambitiousrestroom74bwsmall
simple,aaa111nlp03ambitiousrestroom74bwlarge
simple,aaa111nba49monumentaldirector75
simple,aaa111nba49monumentaldirector75originalmedium
simple,aaa111nba49monumentaldirector75originalsmall
simple,aaa111nba49monumentaldirector75originallarge
simple,aaa111nba49monumentaldirector75invmedium
simple,aaa111nba49monumentaldirector75invsmall
simple,aaa111nba49monumentaldirector75invlarge
simple,aaa111nba49monumentaldirector75wbmedium
simple,aaa111nba49monumentaldirector75wbsmall
simple,aaa111nba49monumentaldirector75wblarge
simple,aaa111nba49monumentaldirector75bwmedium
simple,aaa111nba49monumentaldirector75bwsmall
simple,aaa111nba49monumentaldirector75bwlarge
simple,aaa111rle75homericrattail76
simple,aaa111rle75homericrattail76originalmedium
simple,aaa111rle75homericrattail76originalsmall
simple,aaa111rle75homericrattail76originallarge
simple,aaa111rle75homericrattail76invmedium
simple,aaa111rle75homericrattail76invsmall
simple,aaa111rle75homericrattail76invlarge
simple,aaa111rle75homericrattail76wbmedium
simple,aaa111rle75homericrattail76wbsmall
simple,aaa111rle75homericrattail76wblarge
simple,aaa111rle75homericrattail76bwmedium
simple,aaa111rle75homericrattail76bwsmall
simple,aaa111rle75homericrattail76bwlarge
simple,aaa111hly79hugeairplane77
simple,aaa111hly79hugeairplane77originalmedium
simple,aaa111hly79hugeairplane77originalsmall
simple,aaa111hly79hugeairplane77originallarge
simple,aaa111hly79hugeairplane77invmedium
simple,aaa111hly79hugeairplane77invsmall
simple,aaa111hly79hugeairplane77invlarge
simple,aaa111hly79hugeairplane77wbmedium
simple,aaa111hly79hugeairplane77wbsmall
simple,aaa111hly79hugeairplane77wblarge
simple,aaa111hly79hugeairplane77bwmedium
simple,aaa111hly79hugeairplane77bwsmall
simple,aaa111hly79hugeairplane77bwlarge
simple,aaa111jcd75arduousrattail78
simple,aaa111jcd75arduousrattail78originalmedium
simple,aaa111jcd75arduousrattail78originalsmall
simple,aaa111jcd75arduousrattail78originallarge
simple,aaa111jcd75arduousrattail78invmedium
simple,aaa111jcd75arduousrattail78invsmall
simple,aaa111jcd75arduousrattail78invlarge
simple,aaa111jcd75arduousrattail78wbmedium
simple,aaa111jcd75arduousrattail78wbsmall
simple,aaa111jcd75arduousrattail78wblarge
simple,aaa111jcd75arduousrattail78bwmedium
simple,aaa111jcd75arduousrattail78bwsmall
simple,aaa111jcd75arduousrattail78bwlarge
simple,aaa111khx43ambitioussealion79
simple,aaa111khx43ambitioussealion79originalmedium
simple,aaa111khx43ambitioussealion79originalsmall
simple,aaa111khx43ambitioussealion79originallarge
simple,aaa111khx43ambitioussealion79invmedium
simple,aaa111khx43ambitioussealion79invsmall
simple,aaa111khx43ambitioussealion79invlarge
simple,aaa111khx43ambitioussealion79wbmedium
simple,aaa111khx43ambitioussealion79wbsmall
simple,aaa111khx43ambitioussealion79wblarge
simple,aaa111khx43ambitioussealion79bwmedium
simple,aaa111khx43ambitioussealion79bwsmall
simple,aaa111khx43ambitioussealion79bwlarge
simple,aaa111qaw26extraordinarybirthday80
simple,aaa111qaw26extraordinarybirthday80originalmedium
simple,aaa111qaw26extraordinarybirthday80originalsmall
simple,aaa111qaw26extraordinarybirthday80originallarge
simple,aaa111qaw26extraordinarybirthday80invmedium
simple,aaa111qaw26extraordinarybirthday80invsmall
simple,aaa111qaw26extraordinarybirthday80invlarge
simple,aaa111qaw26extraordinarybirthday80wbmedium
simple,aaa111qaw26extraordinarybirthday80wbsmall
simple,aaa111qaw26extraordinarybirthday80wblarge
simple,aaa111qaw26extraordinarybirthday80bwmedium
simple,aaa111qaw26extraordinarybirthday80bwsmall
simple,aaa111qaw26extraordinarybirthday80bwlarge
simple,aaa111axz49herculeansodapop81
simple,aaa111axz49herculeansodapop81originalmedium
simple,aaa111axz49herculeansodapop81originalsmall
simple,aaa111axz49herculeansodapop81originallarge
simple,aaa111axz49herculeansodapop81invmedium
simple,aaa111axz49herculeansodapop81invsmall
simple,aaa111axz49herculeansodapop81invlarge
simple,aaa111axz49herculeansodapop81wbmedium
simple,aaa111axz49herculeansodapop81wbsmall
simple,aaa111axz49herculeansodapop81wblarge
simple,aaa111axz49herculeansodapop81bwmedium
simple,aaa111axz49herculeansodapop81bwsmall
simple,aaa111axz49herculeansodapop81bwlarge
simple,aaa111lou51extraordinaryearring82
simple,aaa111lou51extraordinaryearring82originalmedium
simple,aaa111lou51extraordinaryearring82originalsmall
simple,aaa111lou51extraordinaryearring82originallarge
simple,aaa111lou51extraordinaryearring82invmedium
simple,aaa111lou51extraordinaryearring82invsmall
simple,aaa111lou51extraordinaryearring82invlarge
simple,aaa111lou51extraordinaryearring82wbmedium
simple,aaa111lou51extraordinaryearring82wbsmall
simple,aaa111lou51extraordinaryearring82wblarge
simple,aaa111lou51extraordinaryearring82bwmedium
simple,aaa111lou51extraordinaryearring82bwsmall
simple,aaa111lou51extraordinaryearring82bwlarge
simple,aaa111fdr48monumentalbirthday83
simple,aaa111fdr48monumentalbirthday83originalmedium
simple,aaa111fdr48monumentalbirthday83originalsmall
simple,aaa111fdr48monumentalbirthday83originallarge
simple,aaa111fdr48monumentalbirthday83invmedium
simple,aaa111fdr48monumentalbirthday83invsmall
simple,aaa111fdr48monumentalbirthday83invlarge
simple,aaa111fdr48monumentalbirthday83wbmedium
simple,aaa111fdr48monumentalbirthday83wbsmall
simple,aaa111fdr48monumentalbirthday83wblarge
simple,aaa111fdr48monumentalbirthday83bwmedium
simple,aaa111fdr48monumentalbirthday83bwsmall
simple,aaa111fdr48monumentalbirthday83bwlarge
simple,aaa111emh46vastcriminal84
simple,aaa111emh46vastcriminal84originalmedium
simple,aaa111emh46vastcriminal84originalsmall
simple,aaa111emh46vastcriminal84originallarge
simple,aaa111emh46vastcriminal84invmedium
simple,aaa111emh46vastcriminal84invsmall
simple,aaa111emh46vastcriminal84invlarge
simple,aaa111emh46vastcriminal84wbmedium
simple,aaa111emh46vastcriminal84wbsmall
simple,aaa111emh46vastcriminal84wblarge
simple,aaa111emh46vastcriminal84bwmedium
simple,aaa111emh46vastcriminal84bwsmall
simple,aaa111emh46vastcriminal84bwlarge
simple,aaa111oax60granddogbowl85
simple,aaa111oax60granddogbowl85originalmedium
simple,aaa111oax60granddogbowl85originalsmall
simple,aaa111oax60granddogbowl85originallarge
simple,aaa111oax60granddogbowl85invmedium
simple,aaa111oax60granddogbowl85invsmall
simple,aaa111oax60granddogbowl85invlarge
simple,aaa111oax60granddogbowl85wbmedium
simple,aaa111oax60granddogbowl85wbsmall
simple,aaa111oax60granddogbowl85wblarge
simple,aaa111oax60granddogbowl85bwmedium
simple,aaa111oax60granddogbowl85bwsmall
simple,aaa111oax60granddogbowl85bwlarge
simple,aaa111oif70heroicsodapop86
simple,aaa111oif70heroicsodapop86originalmedium
simple,aaa111oif70heroicsodapop86originalsmall
simple,aaa111oif70heroicsodapop86originallarge
simple,aaa111oif70heroicsodapop86invmedium
simple,aaa111oif70heroicsodapop86invsmall
simple,aaa111oif70heroicsodapop86invlarge
simple,aaa111oif70heroicsodapop86wbmedium
simple,aaa111oif70heroicsodapop86wbsmall
simple,aaa111oif70heroicsodapop86wblarge
simple,aaa111oif70heroicsodapop86bwmedium
simple,aaa111oif70heroicsodapop86bwsmall
simple,aaa111oif70heroicsodapop86bwlarge
simple,aaa111xcp42homericgangster87
simple,aaa111xcp42homericgangster87originalmedium
simple,aaa111xcp42homericgangster87originalsmall
simple,aaa111xcp42homericgangster87originallarge
simple,aaa111xcp42homericgangster87invmedium
simple,aaa111xcp42homericgangster87invsmall
simple,aaa111xcp42homericgangster87invlarge
simple,aaa111xcp42homericgangster87wbmedium
simple,aaa111xcp42homericgangster87wbsmall
simple,aaa111xcp42homericgangster87wblarge
simple,aaa111xcp42homericgangster87bwmedium
simple,aaa111xcp42homericgangster87bwsmall
simple,aaa111xcp42homericgangster87bwlarge
simple,aaa111wrx80extravagantrailroad88
simple,aaa111wrx80extravagantrailroad88originalmedium
simple,aaa111wrx80extravagantrailroad88originalsmall
simple,aaa111wrx80extravagantrailroad88originallarge
simple,aaa111wrx80extravagantrailroad88invmedium
simple,aaa111wrx80extravagantrailroad88invsmall
simple,aaa111wrx80extravagantrailroad88invlarge
simple,aaa111wrx80extravagantrailroad88wbmedium
simple,aaa111wrx80extravagantrailroad88wbsmall
simple,aaa111wrx80extravagantrailroad88wblarge
simple,aaa111wrx80extravagantrailroad88bwmedium
simple,aaa111wrx80extravagantrailroad88bwsmall
simple,aaa111wrx80extravagantrailroad88bwlarge
simple,aaa111wao66miltoniansealion89
simple,aaa111wao66miltoniansealion89originalmedium
simple,aaa111wao66miltoniansealion89originalsmall
simple,aaa111wao66miltoniansealion89originallarge
simple,aaa111wao66miltoniansealion89invmedium
simple,aaa111wao66miltoniansealion89invsmall
simple,aaa111wao66miltoniansealion89invlarge
simple,aaa111wao66miltoniansealion89wbmedium
simple,aaa111wao66miltoniansealion89wbsmall
simple,aaa111wao66miltoniansealion89wblarge
simple,aaa111wao66miltoniansealion89bwmedium
simple,aaa111wao66miltoniansealion89bwsmall
simple,aaa111wao66miltoniansealion89bwlarge
simple,aaa111cak42bombasticdwelling90
simple,aaa111cak42bombasticdwelling90originalmedium
simple,aaa111cak42bombasticdwelling90originalsmall
simple,aaa111cak42bombasticdwelling90originallarge
simple,aaa111cak42bombasticdwelling90invmedium
simple,aaa111cak42bombasticdwelling90invsmall
simple,aaa111cak42bombasticdwelling90invlarge
simple,aaa111cak42bombasticdwelling90wbmedium
simple,aaa111cak42bombasticdwelling90wbsmall
simple,aaa111cak42bombasticdwelling90wblarge
simple,aaa111cak42bombasticdwelling90bwmedium
simple,aaa111cak42bombasticdwelling90bwsmall
simple,aaa111cak42bombasticdwelling90bwlarge
simple,aaa111lmr49extraordinaryevidence91
simple,aaa111lmr49extraordinaryevidence91originalmedium
simple,aaa111lmr49extraordinaryevidence91originalsmall
simple,aaa111lmr49extraordinaryevidence91originallarge
simple,aaa111lmr49extraordinaryevidence91invmedium
simple,aaa111lmr49extraordinaryevidence91invsmall
simple,aaa111lmr49extraordinaryevidence91invlarge
simple,aaa111lmr49extraordinaryevidence91wbmedium
simple,aaa111lmr49extraordinaryevidence91wbsmall
simple,aaa111lmr49extraordinaryevidence91wblarge
simple,aaa111lmr49extraordinaryevidence91bwmedium
simple,aaa111lmr49extraordinaryevidence91bwsmall
simple,aaa111lmr49extraordinaryevidence91bwlarge
simple,aaa111lmz66loftyhooligan92
simple,aaa111lmz66loftyhooligan92originalmedium
simple,aaa111lmz66loftyhooligan92originalsmall
simple,aaa111lmz66loftyhooligan92originallarge
simple,aaa111lmz66loftyhooligan92invmedium
simple,aaa111lmz66loftyhooligan92invsmall
simple,aaa111lmz66loftyhooligan92invlarge
simple,aaa111lmz66loftyhooligan92wbmedium
simple,aaa111lmz66loftyhooligan92wbsmall
simple,aaa111lmz66loftyhooligan92wblarge
simple,aaa111lmz66loftyhooligan92bwmedium
simple,aaa111lmz66loftyhooligan92bwsmall
simple,aaa111lmz66loftyhooligan92bwlarge
simple,aaa111crw06homericsealion93
simple,aaa111crw06homericsealion93originalmedium
simple,aaa111crw06homericsealion93originalsmall
simple,aaa111crw06homericsealion93originallarge
simple,aaa111crw06homericsealion93invmedium
simple,aaa111crw06homericsealion93invsmall
simple,aaa111crw06homericsealion93invlarge
simple,aaa111crw06homericsealion93wbmedium
simple,aaa111crw06homericsealion93wbsmall
simple,aaa111crw06homericsealion93wblarge
simple,aaa111crw06homericsealion93bwmedium
simple,aaa111crw06homericsealion93bwsmall
simple,aaa111crw06homericsealion93bwlarge
simple,aaa111xew84loftydogbowl94
simple,aaa111xew84loftydogbowl94originalmedium
simple,aaa111xew84loftydogbowl94originalsmall
simple,aaa111xew84loftydogbowl94originallarge
simple,aaa111xew84loftydogbowl94invmedium
simple,aaa111xew84loftydogbowl94invsmall
simple,aaa111xew84loftydogbowl94invlarge
simple,aaa111xew84loftydogbowl94wbmedium
simple,aaa111xew84loftydogbowl94wbsmall
simple,aaa111xew84loftydogbowl94wblarge
simple,aaa111xew84loftydogbowl94bwmedium
simple,aaa111xew84loftydogbowl94bwsmall
simple,aaa111xew84loftydogbowl94bwlarge
simple,aaa111xrf56vastdirector95
simple,aaa111xrf56vastdirector95originalmedium
simple,aaa111xrf56vastdirector95originalsmall
simple,aaa111xrf56vastdirector95originallarge
simple,aaa111xrf56vastdirector95invmedium
simple,aaa111xrf56vastdirector95invsmall
simple,aaa111xrf56vastdirector95invlarge
simple,aaa111xrf56vastdirector95wbmedium
simple,aaa111xrf56vastdirector95wbsmall
simple,aaa111xrf56vastdirector95wblarge
simple,aaa111xrf56vastdirector95bwmedium
simple,aaa111xrf56vastdirector95bwsmall
simple,aaa111xrf56vastdirector95bwlarge
simple,aaa111rbw30herculeandirector96
simple,aaa111rbw30herculeandirector96originalmedium
simple,aaa111rbw30herculeandirector96originalsmall
simple,aaa111rbw30herculeandirector96originallarge
simple,aaa111rbw30herculeandirector96invmedium
simple,aaa111rbw30herculeandirector96invsmall
simple,aaa111rbw30herculeandirector96invlarge
simple,aaa111rbw30herculeandirector96wbmedium
simple,aaa111rbw30herculeandirector96wbsmall
simple,aaa111rbw30herculeandirector96wblarge
simple,aaa111rbw30herculeandirector96bwmedium
simple,aaa111rbw30herculeandirector96bwsmall
simple,aaa111rbw30herculeandirector96bwlarge
simple,aaa111cpx34homericrestroom97
simple,aaa111cpx34homericrestroom97originalmedium
simple,aaa111cpx34homericrestroom97originalsmall
simple,aaa111cpx34homericrestroom97originallarge
simple,aaa111cpx34homericrestroom97invmedium
simple,aaa111cpx34homericrestroom97invsmall
simple,aaa111cpx34homericrestroom97invlarge
simple,aaa111cpx34homericrestroom97wbmedium
simple,aaa111cpx34homericrestroom97wbsmall
simple,aaa111cpx34homericrestroom97wblarge
simple,aaa111cpx34homericrestroom97bwmedium
simple,aaa111cpx34homericrestroom97bwsmall
simple,aaa111cpx34homericrestroom97bwlarge
simple,aaa111poj67herculeankeepsake98
simple,aaa111poj67herculeankeepsake98originalmedium
simple,aaa111poj67herculeankeepsake98originalsmall
simple,aaa111poj67herculeankeepsake98originallarge
simple,aaa111poj67herculeankeepsake98invmedium
simple,aaa111poj67herculeankeepsake98invsmall
simple,aaa111poj67herculeankeepsake98invlarge
simple,aaa111poj67herculeankeepsake98wbmedium
simple,aaa111poj67herculeankeepsake98wbsmall
simple,aaa111poj67herculeankeepsake98wblarge
simple,aaa111poj67herculeankeepsake98bwmedium
simple,aaa111poj67herculeankeepsake98bwsmall
simple,aaa111poj67herculeankeepsake98bwlarge
simple,aaa111pmm30extravagantsealion99
simple,aaa111pmm30extravagantsealion99originalmedium
simple,aaa111pmm30extravagantsealion99originalsmall
simple,aaa111pmm30extravagantsealion99originallarge
simple,aaa111pmm30extravagantsealion99invmedium
simple,aaa111pmm30extravagantsealion99invsmall
simple,aaa111pmm30extravagantsealion99invlarge
simple,aaa111pmm30extravagantsealion99wbmedium
simple,aaa111pmm30extravagantsealion99wbsmall
simple,aaa111pmm30extravagantsealion99wblarge
simple,aaa111pmm30extravagantsealion99bwmedium
simple,aaa111pmm30extravagantsealion99bwsmall
simple,aaa111pmm30extravagantsealion99bwlarge
